order,file_path,thumbnail,width,height
1,http://imgarc.lib.ucdavis.edu/images/winelabels/Amerine-0001.jpg,http://imgarc.lib.ucdavis.edu/images/winelabels/Amerine-0001--thumb.jpg,6000,4000
2,http://imgarc.lib.ucdavis.edu/images/winelabels/Amerine-0002.jpg,http://imgarc.lib.ucdavis.edu/images/winelabels/Amerine-0002--thumb.jpg,6000,4000
3,http://imgarc.lib.ucdavis.edu/images/winelabels/Amerine-0003.jpg,http://imgarc.lib.ucdavis.edu/images/winelabels/Amerine-0003--thumb.jpg,6000,4000
4,http://imgarc.lib.ucdavis.edu/images/winelabels/Amerine-0004.jpg,http://imgarc.lib.ucdavis.edu/images/winelabels/Amerine-0004--thumb.jpg,6000,4000
5,http://imgarc.lib.ucdavis.edu/images/winelabels/Amerine-0005.jpg,http://imgarc.lib.ucdavis.edu/images/winelabels/Amerine-0005--thumb.jpg,6000,4000
6,http://imgarc.lib.ucdavis.edu/images/winelabels/Amerine-0006.jpg,http://imgarc.lib.ucdavis.edu/images/winelabels/Amerine-0006--thumb.jpg,6000,4000
7,http://imgarc.lib.ucdavis.edu/images/winelabels/Amerine-0007.jpg,http://imgarc.lib.ucdavis.edu/images/winelabels/Amerine-0007--thumb.jpg,6000,4000
8,http://imgarc.lib.ucdavis.edu/images/winelabels/Amerine-0008.jpg,http://imgarc.lib.ucdavis.edu/images/winelabels/Amerine-0008--thumb.jpg,6000,4000
9,http://imgarc.lib.ucdavis.edu/images/winelabels/Amerine-0009.jpg,http://imgarc.lib.ucdavis.edu/images/winelabels/Amerine-0009--thumb.jpg,6000,4000
10,http://imgarc.lib.ucdavis.edu/images/winelabels/Amerine-0010.jpg,http://imgarc.lib.ucdavis.edu/images/winelabels/Amerine-0010--thumb.jpg,6000,4000
11,http://imgarc.lib.ucdavis.edu/images/winelabels/Amerine-0011.jpg,http://imgarc.lib.ucdavis.edu/images/winelabels/Amerine-0011--thumb.jpg,6000,4000
12,http://imgarc.lib.ucdavis.edu/images/winelabels/Amerine-0012.jpg,http://imgarc.lib.ucdavis.edu/images/winelabels/Amerine-0012--thumb.jpg,6000,4000
13,http://imgarc.lib.ucdavis.edu/images/winelabels/Amerine-0013.jpg,http://imgarc.lib.ucdavis.edu/images/winelabels/Amerine-0013--thumb.jpg,6000,4000
14,http://imgarc.lib.ucdavis.edu/images/winelabels/Amerine-0014.jpg,http://imgarc.lib.ucdavis.edu/images/winelabels/Amerine-0014--thumb.jpg,6000,4000
15,http://imgarc.lib.ucdavis.edu/images/winelabels/Amerine-0015.jpg,http://imgarc.lib.ucdavis.edu/images/winelabels/Amerine-0015--thumb.jpg,6000,4000
16,http://imgarc.lib.ucdavis.edu/images/winelabels/Amerine-0016.jpg,http://imgarc.lib.ucdavis.edu/images/winelabels/Amerine-0016--thumb.jpg,6000,4000
17,http://imgarc.lib.ucdavis.edu/images/winelabels/Amerine-0017.jpg,http://imgarc.lib.ucdavis.edu/images/winelabels/Amerine-0017--thumb.jpg,6000,4000
18,http://imgarc.lib.ucdavis.edu/images/winelabels/Amerine-0018.jpg,http://imgarc.lib.ucdavis.edu/images/winelabels/Amerine-0018--thumb.jpg,6000,4000
19,http://imgarc.lib.ucdavis.edu/images/winelabels/Amerine-0019.jpg,http://imgarc.lib.ucdavis.edu/images/winelabels/Amerine-0019--thumb.jpg,6000,4000
20,http://imgarc.lib.ucdavis.edu/images/winelabels/Amerine-0020.jpg,http://imgarc.lib.ucdavis.edu/images/winelabels/Amerine-0020--thumb.jpg,6000,4000
21,http://imgarc.lib.ucdavis.edu/images/winelabels/Amerine-0021.jpg,http://imgarc.lib.ucdavis.edu/images/winelabels/Amerine-0021--thumb.jpg,6000,4000
22,http://imgarc.lib.ucdavis.edu/images/winelabels/Amerine-0022.jpg,http://imgarc.lib.ucdavis.edu/images/winelabels/Amerine-0022--thumb.jpg,6000,4000
23,http://imgarc.lib.ucdavis.edu/images/winelabels/Amerine-0023.jpg,http://imgarc.lib.ucdavis.edu/images/winelabels/Amerine-0023--thumb.jpg,6000,4000
24,http://imgarc.lib.ucdavis.edu/images/winelabels/Amerine-0024.jpg,http://imgarc.lib.ucdavis.edu/images/winelabels/Amerine-0024--thumb.jpg,6000,4000
25,http://imgarc.lib.ucdavis.edu/images/winelabels/Amerine-0025.jpg,http://imgarc.lib.ucdavis.edu/images/winelabels/Amerine-0025--thumb.jpg,6000,4000
26,http://imgarc.lib.ucdavis.edu/images/winelabels/Amerine-0026.jpg,http://imgarc.lib.ucdavis.edu/images/winelabels/Amerine-0026--thumb.jpg,6000,4000
27,http://imgarc.lib.ucdavis.edu/images/winelabels/Amerine-0027.jpg,http://imgarc.lib.ucdavis.edu/images/winelabels/Amerine-0027--thumb.jpg,6000,4000
28,http://imgarc.lib.ucdavis.edu/images/winelabels/Amerine-0028.jpg,http://imgarc.lib.ucdavis.edu/images/winelabels/Amerine-0028--thumb.jpg,6000,4000
29,http://imgarc.lib.ucdavis.edu/images/winelabels/Amerine-0029.jpg,http://imgarc.lib.ucdavis.edu/images/winelabels/Amerine-0029--thumb.jpg,6000,4000
30,http://imgarc.lib.ucdavis.edu/images/winelabels/Amerine-0030.jpg,http://imgarc.lib.ucdavis.edu/images/winelabels/Amerine-0030--thumb.jpg,6000,4000
31,http://imgarc.lib.ucdavis.edu/images/winelabels/Amerine-0031.jpg,http://imgarc.lib.ucdavis.edu/images/winelabels/Amerine-0031--thumb.jpg,6000,4000
32,http://imgarc.lib.ucdavis.edu/images/winelabels/Amerine-0032.jpg,http://imgarc.lib.ucdavis.edu/images/winelabels/Amerine-0032--thumb.jpg,6000,4000
33,http://imgarc.lib.ucdavis.edu/images/winelabels/Amerine-0033.jpg,http://imgarc.lib.ucdavis.edu/images/winelabels/Amerine-0033--thumb.jpg,6000,4000
34,http://imgarc.lib.ucdavis.edu/images/winelabels/Amerine-0034.jpg,http://imgarc.lib.ucdavis.edu/images/winelabels/Amerine-0034--thumb.jpg,6000,4000
35,http://imgarc.lib.ucdavis.edu/images/winelabels/Amerine-0035.jpg,http://imgarc.lib.ucdavis.edu/images/winelabels/Amerine-0035--thumb.jpg,6000,4000
36,http://imgarc.lib.ucdavis.edu/images/winelabels/Amerine-0036.jpg,http://imgarc.lib.ucdavis.edu/images/winelabels/Amerine-0036--thumb.jpg,6000,4000
37,http://imgarc.lib.ucdavis.edu/images/winelabels/Amerine-0037.jpg,http://imgarc.lib.ucdavis.edu/images/winelabels/Amerine-0037--thumb.jpg,6000,4000
38,http://imgarc.lib.ucdavis.edu/images/winelabels/Amerine-0038.jpg,http://imgarc.lib.ucdavis.edu/images/winelabels/Amerine-0038--thumb.jpg,6000,4000
39,http://imgarc.lib.ucdavis.edu/images/winelabels/Amerine-0039.jpg,http://imgarc.lib.ucdavis.edu/images/winelabels/Amerine-0039--thumb.jpg,6000,4000
40,http://imgarc.lib.ucdavis.edu/images/winelabels/Amerine-0040.jpg,http://imgarc.lib.ucdavis.edu/images/winelabels/Amerine-0040--thumb.jpg,6000,4000
41,http://imgarc.lib.ucdavis.edu/images/winelabels/Amerine-0041.jpg,http://imgarc.lib.ucdavis.edu/images/winelabels/Amerine-0041--thumb.jpg,6000,4000
42,http://imgarc.lib.ucdavis.edu/images/winelabels/Amerine-0042.jpg,http://imgarc.lib.ucdavis.edu/images/winelabels/Amerine-0042--thumb.jpg,6000,4000
43,http://imgarc.lib.ucdavis.edu/images/winelabels/Amerine-0043.jpg,http://imgarc.lib.ucdavis.edu/images/winelabels/Amerine-0043--thumb.jpg,6000,4000
44,http://imgarc.lib.ucdavis.edu/images/winelabels/Amerine-0044.jpg,http://imgarc.lib.ucdavis.edu/images/winelabels/Amerine-0044--thumb.jpg,6000,4000
45,http://imgarc.lib.ucdavis.edu/images/winelabels/Amerine-0045.jpg,http://imgarc.lib.ucdavis.edu/images/winelabels/Amerine-0045--thumb.jpg,6000,4000
46,http://imgarc.lib.ucdavis.edu/images/winelabels/Amerine-0046.jpg,http://imgarc.lib.ucdavis.edu/images/winelabels/Amerine-0046--thumb.jpg,6000,4000
47,http://imgarc.lib.ucdavis.edu/images/winelabels/Amerine-0047.jpg,http://imgarc.lib.ucdavis.edu/images/winelabels/Amerine-0047--thumb.jpg,6000,4000
48,http://imgarc.lib.ucdavis.edu/images/winelabels/Amerine-0048.jpg,http://imgarc.lib.ucdavis.edu/images/winelabels/Amerine-0048--thumb.jpg,6000,4000
49,http://imgarc.lib.ucdavis.edu/images/winelabels/Amerine-0049.jpg,http://imgarc.lib.ucdavis.edu/images/winelabels/Amerine-0049--thumb.jpg,6000,4000
50,http://imgarc.lib.ucdavis.edu/images/winelabels/Amerine-0050.jpg,http://imgarc.lib.ucdavis.edu/images/winelabels/Amerine-0050--thumb.jpg,6000,4000
51,http://imgarc.lib.ucdavis.edu/images/winelabels/Amerine-0051.jpg,http://imgarc.lib.ucdavis.edu/images/winelabels/Amerine-0051--thumb.jpg,6000,4000
52,http://imgarc.lib.ucdavis.edu/images/winelabels/Amerine-0052.jpg,http://imgarc.lib.ucdavis.edu/images/winelabels/Amerine-0052--thumb.jpg,6000,4000
53,http://imgarc.lib.ucdavis.edu/images/winelabels/Amerine-0053.jpg,http://imgarc.lib.ucdavis.edu/images/winelabels/Amerine-0053--thumb.jpg,6000,4000
54,http://imgarc.lib.ucdavis.edu/images/winelabels/Amerine-0054.jpg,http://imgarc.lib.ucdavis.edu/images/winelabels/Amerine-0054--thumb.jpg,6000,4000
55,http://imgarc.lib.ucdavis.edu/images/winelabels/Amerine-0055.jpg,http://imgarc.lib.ucdavis.edu/images/winelabels/Amerine-0055--thumb.jpg,6000,4000
56,http://imgarc.lib.ucdavis.edu/images/winelabels/Amerine-0056.jpg,http://imgarc.lib.ucdavis.edu/images/winelabels/Amerine-0056--thumb.jpg,6000,4000
57,http://imgarc.lib.ucdavis.edu/images/winelabels/Amerine-0057.jpg,http://imgarc.lib.ucdavis.edu/images/winelabels/Amerine-0057--thumb.jpg,6000,4000
58,http://imgarc.lib.ucdavis.edu/images/winelabels/Amerine-0058.jpg,http://imgarc.lib.ucdavis.edu/images/winelabels/Amerine-0058--thumb.jpg,6000,4000
59,http://imgarc.lib.ucdavis.edu/images/winelabels/Amerine-0059.jpg,http://imgarc.lib.ucdavis.edu/images/winelabels/Amerine-0059--thumb.jpg,6000,4000
60,http://imgarc.lib.ucdavis.edu/images/winelabels/Amerine-0060.jpg,http://imgarc.lib.ucdavis.edu/images/winelabels/Amerine-0060--thumb.jpg,6000,4000
61,http://imgarc.lib.ucdavis.edu/images/winelabels/Amerine-0061.jpg,http://imgarc.lib.ucdavis.edu/images/winelabels/Amerine-0061--thumb.jpg,6000,4000
62,http://imgarc.lib.ucdavis.edu/images/winelabels/Amerine-0062.jpg,http://imgarc.lib.ucdavis.edu/images/winelabels/Amerine-0062--thumb.jpg,6000,4000
63,http://imgarc.lib.ucdavis.edu/images/winelabels/Amerine-0063.jpg,http://imgarc.lib.ucdavis.edu/images/winelabels/Amerine-0063--thumb.jpg,6000,4000
64,http://imgarc.lib.ucdavis.edu/images/winelabels/Amerine-0064.jpg,http://imgarc.lib.ucdavis.edu/images/winelabels/Amerine-0064--thumb.jpg,6000,4000
65,http://imgarc.lib.ucdavis.edu/images/winelabels/Amerine-0065.jpg,http://imgarc.lib.ucdavis.edu/images/winelabels/Amerine-0065--thumb.jpg,6000,4000
66,http://imgarc.lib.ucdavis.edu/images/winelabels/Amerine-0066.jpg,http://imgarc.lib.ucdavis.edu/images/winelabels/Amerine-0066--thumb.jpg,6000,4000
67,http://imgarc.lib.ucdavis.edu/images/winelabels/Amerine-0067.jpg,http://imgarc.lib.ucdavis.edu/images/winelabels/Amerine-0067--thumb.jpg,6000,4000
68,http://imgarc.lib.ucdavis.edu/images/winelabels/Amerine-0068.jpg,http://imgarc.lib.ucdavis.edu/images/winelabels/Amerine-0068--thumb.jpg,6000,4000
69,http://imgarc.lib.ucdavis.edu/images/winelabels/Amerine-0069.jpg,http://imgarc.lib.ucdavis.edu/images/winelabels/Amerine-0069--thumb.jpg,6000,4000
70,http://imgarc.lib.ucdavis.edu/images/winelabels/Amerine-0070.jpg,http://imgarc.lib.ucdavis.edu/images/winelabels/Amerine-0070--thumb.jpg,6000,4000
71,http://imgarc.lib.ucdavis.edu/images/winelabels/Amerine-0071.jpg,http://imgarc.lib.ucdavis.edu/images/winelabels/Amerine-0071--thumb.jpg,6000,4000
72,http://imgarc.lib.ucdavis.edu/images/winelabels/Amerine-0072.jpg,http://imgarc.lib.ucdavis.edu/images/winelabels/Amerine-0072--thumb.jpg,6000,4000
73,http://imgarc.lib.ucdavis.edu/images/winelabels/Amerine-0073.jpg,http://imgarc.lib.ucdavis.edu/images/winelabels/Amerine-0073--thumb.jpg,6000,4000
74,http://imgarc.lib.ucdavis.edu/images/winelabels/Amerine-0074.jpg,http://imgarc.lib.ucdavis.edu/images/winelabels/Amerine-0074--thumb.jpg,6000,4000
75,http://imgarc.lib.ucdavis.edu/images/winelabels/Amerine-0075.jpg,http://imgarc.lib.ucdavis.edu/images/winelabels/Amerine-0075--thumb.jpg,6000,4000
76,http://imgarc.lib.ucdavis.edu/images/winelabels/Amerine-0076.jpg,http://imgarc.lib.ucdavis.edu/images/winelabels/Amerine-0076--thumb.jpg,6000,4000
77,http://imgarc.lib.ucdavis.edu/images/winelabels/Amerine-0077.jpg,http://imgarc.lib.ucdavis.edu/images/winelabels/Amerine-0077--thumb.jpg,6000,4000
78,http://imgarc.lib.ucdavis.edu/images/winelabels/Amerine-0078.jpg,http://imgarc.lib.ucdavis.edu/images/winelabels/Amerine-0078--thumb.jpg,6000,4000
79,http://imgarc.lib.ucdavis.edu/images/winelabels/Amerine-0079.jpg,http://imgarc.lib.ucdavis.edu/images/winelabels/Amerine-0079--thumb.jpg,6000,4000
80,http://imgarc.lib.ucdavis.edu/images/winelabels/Amerine-0080.jpg,http://imgarc.lib.ucdavis.edu/images/winelabels/Amerine-0080--thumb.jpg,6000,4000
81,http://imgarc.lib.ucdavis.edu/images/winelabels/Amerine-0081.jpg,http://imgarc.lib.ucdavis.edu/images/winelabels/Amerine-0081--thumb.jpg,6000,4000
82,http://imgarc.lib.ucdavis.edu/images/winelabels/Amerine-0082.jpg,http://imgarc.lib.ucdavis.edu/images/winelabels/Amerine-0082--thumb.jpg,6000,4000
83,http://imgarc.lib.ucdavis.edu/images/winelabels/Amerine-0083.jpg,http://imgarc.lib.ucdavis.edu/images/winelabels/Amerine-0083--thumb.jpg,6000,4000
84,http://imgarc.lib.ucdavis.edu/images/winelabels/Amerine-0084.jpg,http://imgarc.lib.ucdavis.edu/images/winelabels/Amerine-0084--thumb.jpg,6000,4000
85,http://imgarc.lib.ucdavis.edu/images/winelabels/Amerine-0085.jpg,http://imgarc.lib.ucdavis.edu/images/winelabels/Amerine-0085--thumb.jpg,6000,4000
86,http://imgarc.lib.ucdavis.edu/images/winelabels/Amerine-0086.jpg,http://imgarc.lib.ucdavis.edu/images/winelabels/Amerine-0086--thumb.jpg,6000,4000
87,http://imgarc.lib.ucdavis.edu/images/winelabels/Amerine-0087.jpg,http://imgarc.lib.ucdavis.edu/images/winelabels/Amerine-0087--thumb.jpg,6000,4000
88,http://imgarc.lib.ucdavis.edu/images/winelabels/Amerine-0088.jpg,http://imgarc.lib.ucdavis.edu/images/winelabels/Amerine-0088--thumb.jpg,6000,4000
89,http://imgarc.lib.ucdavis.edu/images/winelabels/Amerine-0089.jpg,http://imgarc.lib.ucdavis.edu/images/winelabels/Amerine-0089--thumb.jpg,6000,4000
90,http://imgarc.lib.ucdavis.edu/images/winelabels/Amerine-0090.jpg,http://imgarc.lib.ucdavis.edu/images/winelabels/Amerine-0090--thumb.jpg,6000,4000
91,http://imgarc.lib.ucdavis.edu/images/winelabels/Amerine-0091.jpg,http://imgarc.lib.ucdavis.edu/images/winelabels/Amerine-0091--thumb.jpg,6000,4000
92,http://imgarc.lib.ucdavis.edu/images/winelabels/Amerine-0092.jpg,http://imgarc.lib.ucdavis.edu/images/winelabels/Amerine-0092--thumb.jpg,6000,4000
93,http://imgarc.lib.ucdavis.edu/images/winelabels/Amerine-0093.jpg,http://imgarc.lib.ucdavis.edu/images/winelabels/Amerine-0093--thumb.jpg,6000,4000
94,http://imgarc.lib.ucdavis.edu/images/winelabels/Amerine-0094.jpg,http://imgarc.lib.ucdavis.edu/images/winelabels/Amerine-0094--thumb.jpg,6000,4000
95,http://imgarc.lib.ucdavis.edu/images/winelabels/Amerine-0095.jpg,http://imgarc.lib.ucdavis.edu/images/winelabels/Amerine-0095--thumb.jpg,6000,4000
96,http://imgarc.lib.ucdavis.edu/images/winelabels/Amerine-0096.jpg,http://imgarc.lib.ucdavis.edu/images/winelabels/Amerine-0096--thumb.jpg,6000,4000
97,http://imgarc.lib.ucdavis.edu/images/winelabels/Amerine-0097.jpg,http://imgarc.lib.ucdavis.edu/images/winelabels/Amerine-0097--thumb.jpg,6000,4000
98,http://imgarc.lib.ucdavis.edu/images/winelabels/Amerine-0098.jpg,http://imgarc.lib.ucdavis.edu/images/winelabels/Amerine-0098--thumb.jpg,6000,4000
99,http://imgarc.lib.ucdavis.edu/images/winelabels/Amerine-0099.jpg,http://imgarc.lib.ucdavis.edu/images/winelabels/Amerine-0099--thumb.jpg,6000,4000
100,http://imgarc.lib.ucdavis.edu/images/winelabels/Amerine-0100.jpg,http://imgarc.lib.ucdavis.edu/images/winelabels/Amerine-0100--thumb.jpg,6000,4000
101,http://imgarc.lib.ucdavis.edu/images/winelabels/Amerine-0101.jpg,http://imgarc.lib.ucdavis.edu/images/winelabels/Amerine-0101--thumb.jpg,6000,4000
102,http://imgarc.lib.ucdavis.edu/images/winelabels/Amerine-0102.jpg,http://imgarc.lib.ucdavis.edu/images/winelabels/Amerine-0102--thumb.jpg,6000,4000
103,http://imgarc.lib.ucdavis.edu/images/winelabels/Amerine-0103.jpg,http://imgarc.lib.ucdavis.edu/images/winelabels/Amerine-0103--thumb.jpg,6000,4000
104,http://imgarc.lib.ucdavis.edu/images/winelabels/Amerine-0104.jpg,http://imgarc.lib.ucdavis.edu/images/winelabels/Amerine-0104--thumb.jpg,6000,4000
105,http://imgarc.lib.ucdavis.edu/images/winelabels/Amerine-0105.jpg,http://imgarc.lib.ucdavis.edu/images/winelabels/Amerine-0105--thumb.jpg,6000,4000
106,http://imgarc.lib.ucdavis.edu/images/winelabels/Amerine-0106.jpg,http://imgarc.lib.ucdavis.edu/images/winelabels/Amerine-0106--thumb.jpg,6000,4000
107,http://imgarc.lib.ucdavis.edu/images/winelabels/Amerine-0107.jpg,http://imgarc.lib.ucdavis.edu/images/winelabels/Amerine-0107--thumb.jpg,6000,4000
108,http://imgarc.lib.ucdavis.edu/images/winelabels/Amerine-0108.jpg,http://imgarc.lib.ucdavis.edu/images/winelabels/Amerine-0108--thumb.jpg,6000,4000
109,http://imgarc.lib.ucdavis.edu/images/winelabels/Amerine-0109.jpg,http://imgarc.lib.ucdavis.edu/images/winelabels/Amerine-0109--thumb.jpg,6000,4000
110,http://imgarc.lib.ucdavis.edu/images/winelabels/Amerine-0110.jpg,http://imgarc.lib.ucdavis.edu/images/winelabels/Amerine-0110--thumb.jpg,6000,4000
111,http://imgarc.lib.ucdavis.edu/images/winelabels/Amerine-0111.jpg,http://imgarc.lib.ucdavis.edu/images/winelabels/Amerine-0111--thumb.jpg,6000,4000
112,http://imgarc.lib.ucdavis.edu/images/winelabels/Amerine-0112.jpg,http://imgarc.lib.ucdavis.edu/images/winelabels/Amerine-0112--thumb.jpg,6000,4000
113,http://imgarc.lib.ucdavis.edu/images/winelabels/Amerine-0113.jpg,http://imgarc.lib.ucdavis.edu/images/winelabels/Amerine-0113--thumb.jpg,6000,4000
114,http://imgarc.lib.ucdavis.edu/images/winelabels/Amerine-0114.jpg,http://imgarc.lib.ucdavis.edu/images/winelabels/Amerine-0114--thumb.jpg,6000,4000
115,http://imgarc.lib.ucdavis.edu/images/winelabels/Amerine-0115.jpg,http://imgarc.lib.ucdavis.edu/images/winelabels/Amerine-0115--thumb.jpg,6000,4000
116,http://imgarc.lib.ucdavis.edu/images/winelabels/Amerine-0116.jpg,http://imgarc.lib.ucdavis.edu/images/winelabels/Amerine-0116--thumb.jpg,6000,4000
117,http://imgarc.lib.ucdavis.edu/images/winelabels/Amerine-0117.jpg,http://imgarc.lib.ucdavis.edu/images/winelabels/Amerine-0117--thumb.jpg,6000,4000
118,http://imgarc.lib.ucdavis.edu/images/winelabels/Amerine-0118.jpg,http://imgarc.lib.ucdavis.edu/images/winelabels/Amerine-0118--thumb.jpg,6000,4000
119,http://imgarc.lib.ucdavis.edu/images/winelabels/Amerine-0119.jpg,http://imgarc.lib.ucdavis.edu/images/winelabels/Amerine-0119--thumb.jpg,6000,4000
120,http://imgarc.lib.ucdavis.edu/images/winelabels/Amerine-0120.jpg,http://imgarc.lib.ucdavis.edu/images/winelabels/Amerine-0120--thumb.jpg,6000,4000
121,http://imgarc.lib.ucdavis.edu/images/winelabels/Amerine-0121.jpg,http://imgarc.lib.ucdavis.edu/images/winelabels/Amerine-0121--thumb.jpg,6000,4000
122,http://imgarc.lib.ucdavis.edu/images/winelabels/Amerine-0122.jpg,http://imgarc.lib.ucdavis.edu/images/winelabels/Amerine-0122--thumb.jpg,6000,4000
123,http://imgarc.lib.ucdavis.edu/images/winelabels/Amerine-0123.jpg,http://imgarc.lib.ucdavis.edu/images/winelabels/Amerine-0123--thumb.jpg,6000,4000
124,http://imgarc.lib.ucdavis.edu/images/winelabels/Amerine-0124.jpg,http://imgarc.lib.ucdavis.edu/images/winelabels/Amerine-0124--thumb.jpg,6000,4000
125,http://imgarc.lib.ucdavis.edu/images/winelabels/Amerine-0125.jpg,http://imgarc.lib.ucdavis.edu/images/winelabels/Amerine-0125--thumb.jpg,6000,4000
126,http://imgarc.lib.ucdavis.edu/images/winelabels/Amerine-0126.jpg,http://imgarc.lib.ucdavis.edu/images/winelabels/Amerine-0126--thumb.jpg,6000,4000
127,http://imgarc.lib.ucdavis.edu/images/winelabels/Amerine-0127.jpg,http://imgarc.lib.ucdavis.edu/images/winelabels/Amerine-0127--thumb.jpg,6000,4000
128,http://imgarc.lib.ucdavis.edu/images/winelabels/Amerine-0128.jpg,http://imgarc.lib.ucdavis.edu/images/winelabels/Amerine-0128--thumb.jpg,6000,4000
129,http://imgarc.lib.ucdavis.edu/images/winelabels/Amerine-0129.jpg,http://imgarc.lib.ucdavis.edu/images/winelabels/Amerine-0129--thumb.jpg,6000,4000
130,http://imgarc.lib.ucdavis.edu/images/winelabels/Amerine-0130.jpg,http://imgarc.lib.ucdavis.edu/images/winelabels/Amerine-0130--thumb.jpg,6000,4000
131,http://imgarc.lib.ucdavis.edu/images/winelabels/Amerine-0131.jpg,http://imgarc.lib.ucdavis.edu/images/winelabels/Amerine-0131--thumb.jpg,6000,4000
132,http://imgarc.lib.ucdavis.edu/images/winelabels/Amerine-0132.jpg,http://imgarc.lib.ucdavis.edu/images/winelabels/Amerine-0132--thumb.jpg,6000,4000
133,http://imgarc.lib.ucdavis.edu/images/winelabels/Amerine-0133.jpg,http://imgarc.lib.ucdavis.edu/images/winelabels/Amerine-0133--thumb.jpg,6000,4000
134,http://imgarc.lib.ucdavis.edu/images/winelabels/Amerine-0134.jpg,http://imgarc.lib.ucdavis.edu/images/winelabels/Amerine-0134--thumb.jpg,6000,4000
135,http://imgarc.lib.ucdavis.edu/images/winelabels/Amerine-0135.jpg,http://imgarc.lib.ucdavis.edu/images/winelabels/Amerine-0135--thumb.jpg,6000,4000
136,http://imgarc.lib.ucdavis.edu/images/winelabels/Amerine-0136.jpg,http://imgarc.lib.ucdavis.edu/images/winelabels/Amerine-0136--thumb.jpg,6000,4000
137,http://imgarc.lib.ucdavis.edu/images/winelabels/Amerine-0137.jpg,http://imgarc.lib.ucdavis.edu/images/winelabels/Amerine-0137--thumb.jpg,6000,4000
138,http://imgarc.lib.ucdavis.edu/images/winelabels/Amerine-0138.jpg,http://imgarc.lib.ucdavis.edu/images/winelabels/Amerine-0138--thumb.jpg,6000,4000
139,http://imgarc.lib.ucdavis.edu/images/winelabels/Amerine-0139.jpg,http://imgarc.lib.ucdavis.edu/images/winelabels/Amerine-0139--thumb.jpg,6000,4000
140,http://imgarc.lib.ucdavis.edu/images/winelabels/Amerine-0140.jpg,http://imgarc.lib.ucdavis.edu/images/winelabels/Amerine-0140--thumb.jpg,6000,4000
141,http://imgarc.lib.ucdavis.edu/images/winelabels/Amerine-0141.jpg,http://imgarc.lib.ucdavis.edu/images/winelabels/Amerine-0141--thumb.jpg,6000,4000
142,http://imgarc.lib.ucdavis.edu/images/winelabels/Amerine-0142.jpg,http://imgarc.lib.ucdavis.edu/images/winelabels/Amerine-0142--thumb.jpg,6000,4000
143,http://imgarc.lib.ucdavis.edu/images/winelabels/Amerine-0143.jpg,http://imgarc.lib.ucdavis.edu/images/winelabels/Amerine-0143--thumb.jpg,6000,4000
144,http://imgarc.lib.ucdavis.edu/images/winelabels/Amerine-0144.jpg,http://imgarc.lib.ucdavis.edu/images/winelabels/Amerine-0144--thumb.jpg,6000,4000
145,http://imgarc.lib.ucdavis.edu/images/winelabels/Amerine-0145.jpg,http://imgarc.lib.ucdavis.edu/images/winelabels/Amerine-0145--thumb.jpg,6000,4000
146,http://imgarc.lib.ucdavis.edu/images/winelabels/Amerine-0146.jpg,http://imgarc.lib.ucdavis.edu/images/winelabels/Amerine-0146--thumb.jpg,6000,4000
147,http://imgarc.lib.ucdavis.edu/images/winelabels/Amerine-0147.jpg,http://imgarc.lib.ucdavis.edu/images/winelabels/Amerine-0147--thumb.jpg,6000,4000
148,http://imgarc.lib.ucdavis.edu/images/winelabels/Amerine-0148.jpg,http://imgarc.lib.ucdavis.edu/images/winelabels/Amerine-0148--thumb.jpg,6000,4000
149,http://imgarc.lib.ucdavis.edu/images/winelabels/Amerine-0149.jpg,http://imgarc.lib.ucdavis.edu/images/winelabels/Amerine-0149--thumb.jpg,6000,4000
150,http://imgarc.lib.ucdavis.edu/images/winelabels/Amerine-0150.jpg,http://imgarc.lib.ucdavis.edu/images/winelabels/Amerine-0150--thumb.jpg,6000,4000
151,http://imgarc.lib.ucdavis.edu/images/winelabels/Amerine-0151.jpg,http://imgarc.lib.ucdavis.edu/images/winelabels/Amerine-0151--thumb.jpg,6000,4000
152,http://imgarc.lib.ucdavis.edu/images/winelabels/Amerine-0152.jpg,http://imgarc.lib.ucdavis.edu/images/winelabels/Amerine-0152--thumb.jpg,6000,4000
153,http://imgarc.lib.ucdavis.edu/images/winelabels/Amerine-0153.jpg,http://imgarc.lib.ucdavis.edu/images/winelabels/Amerine-0153--thumb.jpg,6000,4000
154,http://imgarc.lib.ucdavis.edu/images/winelabels/Amerine-0154.jpg,http://imgarc.lib.ucdavis.edu/images/winelabels/Amerine-0154--thumb.jpg,6000,4000
155,http://imgarc.lib.ucdavis.edu/images/winelabels/Amerine-0155.jpg,http://imgarc.lib.ucdavis.edu/images/winelabels/Amerine-0155--thumb.jpg,6000,4000
156,http://imgarc.lib.ucdavis.edu/images/winelabels/Amerine-0156.jpg,http://imgarc.lib.ucdavis.edu/images/winelabels/Amerine-0156--thumb.jpg,6000,4000
157,http://imgarc.lib.ucdavis.edu/images/winelabels/Amerine-0157.jpg,http://imgarc.lib.ucdavis.edu/images/winelabels/Amerine-0157--thumb.jpg,6000,4000
158,http://imgarc.lib.ucdavis.edu/images/winelabels/Amerine-0158.jpg,http://imgarc.lib.ucdavis.edu/images/winelabels/Amerine-0158--thumb.jpg,6000,4000
159,http://imgarc.lib.ucdavis.edu/images/winelabels/Amerine-0159.jpg,http://imgarc.lib.ucdavis.edu/images/winelabels/Amerine-0159--thumb.jpg,6000,4000
160,http://imgarc.lib.ucdavis.edu/images/winelabels/Amerine-0160.jpg,http://imgarc.lib.ucdavis.edu/images/winelabels/Amerine-0160--thumb.jpg,6000,4000
161,http://imgarc.lib.ucdavis.edu/images/winelabels/Amerine-0161.jpg,http://imgarc.lib.ucdavis.edu/images/winelabels/Amerine-0161--thumb.jpg,6000,4000
162,http://imgarc.lib.ucdavis.edu/images/winelabels/Amerine-0162.jpg,http://imgarc.lib.ucdavis.edu/images/winelabels/Amerine-0162--thumb.jpg,6000,4000
163,http://imgarc.lib.ucdavis.edu/images/winelabels/Amerine-0163.jpg,http://imgarc.lib.ucdavis.edu/images/winelabels/Amerine-0163--thumb.jpg,6000,4000
164,http://imgarc.lib.ucdavis.edu/images/winelabels/Amerine-0164.jpg,http://imgarc.lib.ucdavis.edu/images/winelabels/Amerine-0164--thumb.jpg,6000,4000
165,http://imgarc.lib.ucdavis.edu/images/winelabels/Amerine-0165.jpg,http://imgarc.lib.ucdavis.edu/images/winelabels/Amerine-0165--thumb.jpg,6000,4000
166,http://imgarc.lib.ucdavis.edu/images/winelabels/Amerine-0166.jpg,http://imgarc.lib.ucdavis.edu/images/winelabels/Amerine-0166--thumb.jpg,6000,4000
167,http://imgarc.lib.ucdavis.edu/images/winelabels/Amerine-0167.jpg,http://imgarc.lib.ucdavis.edu/images/winelabels/Amerine-0167--thumb.jpg,6000,4000
168,http://imgarc.lib.ucdavis.edu/images/winelabels/Amerine-0168.jpg,http://imgarc.lib.ucdavis.edu/images/winelabels/Amerine-0168--thumb.jpg,6000,4000
169,http://imgarc.lib.ucdavis.edu/images/winelabels/Amerine-0169.jpg,http://imgarc.lib.ucdavis.edu/images/winelabels/Amerine-0169--thumb.jpg,6000,4000
170,http://imgarc.lib.ucdavis.edu/images/winelabels/Amerine-0170.jpg,http://imgarc.lib.ucdavis.edu/images/winelabels/Amerine-0170--thumb.jpg,6000,4000
171,http://imgarc.lib.ucdavis.edu/images/winelabels/Amerine-0171.jpg,http://imgarc.lib.ucdavis.edu/images/winelabels/Amerine-0171--thumb.jpg,6000,4000
172,http://imgarc.lib.ucdavis.edu/images/winelabels/Amerine-0172.jpg,http://imgarc.lib.ucdavis.edu/images/winelabels/Amerine-0172--thumb.jpg,6000,4000
173,http://imgarc.lib.ucdavis.edu/images/winelabels/Amerine-0173.jpg,http://imgarc.lib.ucdavis.edu/images/winelabels/Amerine-0173--thumb.jpg,6000,4000
174,http://imgarc.lib.ucdavis.edu/images/winelabels/Amerine-0174.jpg,http://imgarc.lib.ucdavis.edu/images/winelabels/Amerine-0174--thumb.jpg,6000,4000
175,http://imgarc.lib.ucdavis.edu/images/winelabels/Amerine-0175.jpg,http://imgarc.lib.ucdavis.edu/images/winelabels/Amerine-0175--thumb.jpg,6000,4000
176,http://imgarc.lib.ucdavis.edu/images/winelabels/Amerine-0176.jpg,http://imgarc.lib.ucdavis.edu/images/winelabels/Amerine-0176--thumb.jpg,6000,4000
177,http://imgarc.lib.ucdavis.edu/images/winelabels/Amerine-0177.jpg,http://imgarc.lib.ucdavis.edu/images/winelabels/Amerine-0177--thumb.jpg,6000,4000
178,http://imgarc.lib.ucdavis.edu/images/winelabels/Amerine-0178.jpg,http://imgarc.lib.ucdavis.edu/images/winelabels/Amerine-0178--thumb.jpg,6000,4000
179,http://imgarc.lib.ucdavis.edu/images/winelabels/Amerine-0179.jpg,http://imgarc.lib.ucdavis.edu/images/winelabels/Amerine-0179--thumb.jpg,6000,4000
180,http://imgarc.lib.ucdavis.edu/images/winelabels/Amerine-0180.jpg,http://imgarc.lib.ucdavis.edu/images/winelabels/Amerine-0180--thumb.jpg,6000,4000
181,http://imgarc.lib.ucdavis.edu/images/winelabels/Amerine-0181.jpg,http://imgarc.lib.ucdavis.edu/images/winelabels/Amerine-0181--thumb.jpg,6000,4000
182,http://imgarc.lib.ucdavis.edu/images/winelabels/Amerine-0182.jpg,http://imgarc.lib.ucdavis.edu/images/winelabels/Amerine-0182--thumb.jpg,6000,4000
183,http://imgarc.lib.ucdavis.edu/images/winelabels/Amerine-0183.jpg,http://imgarc.lib.ucdavis.edu/images/winelabels/Amerine-0183--thumb.jpg,6000,4000
184,http://imgarc.lib.ucdavis.edu/images/winelabels/Amerine-0184.jpg,http://imgarc.lib.ucdavis.edu/images/winelabels/Amerine-0184--thumb.jpg,6000,4000
185,http://imgarc.lib.ucdavis.edu/images/winelabels/Amerine-0185.jpg,http://imgarc.lib.ucdavis.edu/images/winelabels/Amerine-0185--thumb.jpg,6000,4000
186,http://imgarc.lib.ucdavis.edu/images/winelabels/Amerine-0186.jpg,http://imgarc.lib.ucdavis.edu/images/winelabels/Amerine-0186--thumb.jpg,6000,4000
187,http://imgarc.lib.ucdavis.edu/images/winelabels/Amerine-0187.jpg,http://imgarc.lib.ucdavis.edu/images/winelabels/Amerine-0187--thumb.jpg,6000,4000
188,http://imgarc.lib.ucdavis.edu/images/winelabels/Amerine-0188.jpg,http://imgarc.lib.ucdavis.edu/images/winelabels/Amerine-0188--thumb.jpg,6000,4000
189,http://imgarc.lib.ucdavis.edu/images/winelabels/Amerine-0189.jpg,http://imgarc.lib.ucdavis.edu/images/winelabels/Amerine-0189--thumb.jpg,6000,4000
190,http://imgarc.lib.ucdavis.edu/images/winelabels/Amerine-0190.jpg,http://imgarc.lib.ucdavis.edu/images/winelabels/Amerine-0190--thumb.jpg,6000,4000
191,http://imgarc.lib.ucdavis.edu/images/winelabels/Amerine-0191.jpg,http://imgarc.lib.ucdavis.edu/images/winelabels/Amerine-0191--thumb.jpg,6000,4000
192,http://imgarc.lib.ucdavis.edu/images/winelabels/Amerine-0192.jpg,http://imgarc.lib.ucdavis.edu/images/winelabels/Amerine-0192--thumb.jpg,6000,4000
193,http://imgarc.lib.ucdavis.edu/images/winelabels/Amerine-0193.jpg,http://imgarc.lib.ucdavis.edu/images/winelabels/Amerine-0193--thumb.jpg,6000,4000
194,http://imgarc.lib.ucdavis.edu/images/winelabels/Amerine-0194.jpg,http://imgarc.lib.ucdavis.edu/images/winelabels/Amerine-0194--thumb.jpg,6000,4000
195,http://imgarc.lib.ucdavis.edu/images/winelabels/Amerine-0195.jpg,http://imgarc.lib.ucdavis.edu/images/winelabels/Amerine-0195--thumb.jpg,6000,4000
196,http://imgarc.lib.ucdavis.edu/images/winelabels/Amerine-0196.jpg,http://imgarc.lib.ucdavis.edu/images/winelabels/Amerine-0196--thumb.jpg,6000,4000
197,http://imgarc.lib.ucdavis.edu/images/winelabels/Amerine-0197.jpg,http://imgarc.lib.ucdavis.edu/images/winelabels/Amerine-0197--thumb.jpg,6000,4000
198,http://imgarc.lib.ucdavis.edu/images/winelabels/Amerine-0198.jpg,http://imgarc.lib.ucdavis.edu/images/winelabels/Amerine-0198--thumb.jpg,6000,4000
199,http://imgarc.lib.ucdavis.edu/images/winelabels/Amerine-0199.jpg,http://imgarc.lib.ucdavis.edu/images/winelabels/Amerine-0199--thumb.jpg,6000,4000
200,http://imgarc.lib.ucdavis.edu/images/winelabels/Amerine-0200.jpg,http://imgarc.lib.ucdavis.edu/images/winelabels/Amerine-0200--thumb.jpg,6000,4000
201,http://imgarc.lib.ucdavis.edu/images/winelabels/Amerine-0201.jpg,http://imgarc.lib.ucdavis.edu/images/winelabels/Amerine-0201--thumb.jpg,6000,4000
202,http://imgarc.lib.ucdavis.edu/images/winelabels/Amerine-0202.jpg,http://imgarc.lib.ucdavis.edu/images/winelabels/Amerine-0202--thumb.jpg,6000,4000
203,http://imgarc.lib.ucdavis.edu/images/winelabels/Amerine-0203.jpg,http://imgarc.lib.ucdavis.edu/images/winelabels/Amerine-0203--thumb.jpg,6000,4000
204,http://imgarc.lib.ucdavis.edu/images/winelabels/Amerine-0204.jpg,http://imgarc.lib.ucdavis.edu/images/winelabels/Amerine-0204--thumb.jpg,6000,4000
205,http://imgarc.lib.ucdavis.edu/images/winelabels/Amerine-0205.jpg,http://imgarc.lib.ucdavis.edu/images/winelabels/Amerine-0205--thumb.jpg,6000,4000
206,http://imgarc.lib.ucdavis.edu/images/winelabels/Amerine-0206.jpg,http://imgarc.lib.ucdavis.edu/images/winelabels/Amerine-0206--thumb.jpg,6000,4000
207,http://imgarc.lib.ucdavis.edu/images/winelabels/Amerine-0207.jpg,http://imgarc.lib.ucdavis.edu/images/winelabels/Amerine-0207--thumb.jpg,6000,4000
208,http://imgarc.lib.ucdavis.edu/images/winelabels/Amerine-0208.jpg,http://imgarc.lib.ucdavis.edu/images/winelabels/Amerine-0208--thumb.jpg,6000,4000
209,http://imgarc.lib.ucdavis.edu/images/winelabels/Amerine-0209.jpg,http://imgarc.lib.ucdavis.edu/images/winelabels/Amerine-0209--thumb.jpg,6000,4000
210,http://imgarc.lib.ucdavis.edu/images/winelabels/Amerine-0210.jpg,http://imgarc.lib.ucdavis.edu/images/winelabels/Amerine-0210--thumb.jpg,6000,4000
211,http://imgarc.lib.ucdavis.edu/images/winelabels/Amerine-0211.jpg,http://imgarc.lib.ucdavis.edu/images/winelabels/Amerine-0211--thumb.jpg,6000,4000
212,http://imgarc.lib.ucdavis.edu/images/winelabels/Amerine-0212.jpg,http://imgarc.lib.ucdavis.edu/images/winelabels/Amerine-0212--thumb.jpg,6000,4000
213,http://imgarc.lib.ucdavis.edu/images/winelabels/Amerine-0213.jpg,http://imgarc.lib.ucdavis.edu/images/winelabels/Amerine-0213--thumb.jpg,6000,4000
214,http://imgarc.lib.ucdavis.edu/images/winelabels/Amerine-0214.jpg,http://imgarc.lib.ucdavis.edu/images/winelabels/Amerine-0214--thumb.jpg,6000,4000
215,http://imgarc.lib.ucdavis.edu/images/winelabels/Amerine-0215.jpg,http://imgarc.lib.ucdavis.edu/images/winelabels/Amerine-0215--thumb.jpg,6000,4000
216,http://imgarc.lib.ucdavis.edu/images/winelabels/Amerine-0216.jpg,http://imgarc.lib.ucdavis.edu/images/winelabels/Amerine-0216--thumb.jpg,6000,4000
217,http://imgarc.lib.ucdavis.edu/images/winelabels/Amerine-0217.jpg,http://imgarc.lib.ucdavis.edu/images/winelabels/Amerine-0217--thumb.jpg,6000,4000
218,http://imgarc.lib.ucdavis.edu/images/winelabels/Amerine-0218.jpg,http://imgarc.lib.ucdavis.edu/images/winelabels/Amerine-0218--thumb.jpg,6000,4000
219,http://imgarc.lib.ucdavis.edu/images/winelabels/Amerine-0219.jpg,http://imgarc.lib.ucdavis.edu/images/winelabels/Amerine-0219--thumb.jpg,6000,4000
220,http://imgarc.lib.ucdavis.edu/images/winelabels/Amerine-0220.jpg,http://imgarc.lib.ucdavis.edu/images/winelabels/Amerine-0220--thumb.jpg,6000,4000
221,http://imgarc.lib.ucdavis.edu/images/winelabels/Amerine-0221.jpg,http://imgarc.lib.ucdavis.edu/images/winelabels/Amerine-0221--thumb.jpg,6000,4000
222,http://imgarc.lib.ucdavis.edu/images/winelabels/Amerine-0222.jpg,http://imgarc.lib.ucdavis.edu/images/winelabels/Amerine-0222--thumb.jpg,6000,4000
223,http://imgarc.lib.ucdavis.edu/images/winelabels/Amerine-0223.jpg,http://imgarc.lib.ucdavis.edu/images/winelabels/Amerine-0223--thumb.jpg,6000,4000
224,http://imgarc.lib.ucdavis.edu/images/winelabels/Amerine-0224.jpg,http://imgarc.lib.ucdavis.edu/images/winelabels/Amerine-0224--thumb.jpg,6000,4000
225,http://imgarc.lib.ucdavis.edu/images/winelabels/Amerine-0225.jpg,http://imgarc.lib.ucdavis.edu/images/winelabels/Amerine-0225--thumb.jpg,6000,4000
226,http://imgarc.lib.ucdavis.edu/images/winelabels/Amerine-0226.jpg,http://imgarc.lib.ucdavis.edu/images/winelabels/Amerine-0226--thumb.jpg,6000,4000
227,http://imgarc.lib.ucdavis.edu/images/winelabels/Amerine-0227.jpg,http://imgarc.lib.ucdavis.edu/images/winelabels/Amerine-0227--thumb.jpg,6000,4000
228,http://imgarc.lib.ucdavis.edu/images/winelabels/Amerine-0228.jpg,http://imgarc.lib.ucdavis.edu/images/winelabels/Amerine-0228--thumb.jpg,6000,4000
229,http://imgarc.lib.ucdavis.edu/images/winelabels/Amerine-0229.jpg,http://imgarc.lib.ucdavis.edu/images/winelabels/Amerine-0229--thumb.jpg,6000,4000
230,http://imgarc.lib.ucdavis.edu/images/winelabels/Amerine-0230.jpg,http://imgarc.lib.ucdavis.edu/images/winelabels/Amerine-0230--thumb.jpg,6000,4000
231,http://imgarc.lib.ucdavis.edu/images/winelabels/Amerine-0231.jpg,http://imgarc.lib.ucdavis.edu/images/winelabels/Amerine-0231--thumb.jpg,6000,4000
232,http://imgarc.lib.ucdavis.edu/images/winelabels/Amerine-0232.jpg,http://imgarc.lib.ucdavis.edu/images/winelabels/Amerine-0232--thumb.jpg,6000,4000
233,http://imgarc.lib.ucdavis.edu/images/winelabels/Amerine-0233.jpg,http://imgarc.lib.ucdavis.edu/images/winelabels/Amerine-0233--thumb.jpg,6000,4000
234,http://imgarc.lib.ucdavis.edu/images/winelabels/Amerine-0234.jpg,http://imgarc.lib.ucdavis.edu/images/winelabels/Amerine-0234--thumb.jpg,6000,4000
235,http://imgarc.lib.ucdavis.edu/images/winelabels/Amerine-0235.jpg,http://imgarc.lib.ucdavis.edu/images/winelabels/Amerine-0235--thumb.jpg,6000,4000
236,http://imgarc.lib.ucdavis.edu/images/winelabels/Amerine-0236.jpg,http://imgarc.lib.ucdavis.edu/images/winelabels/Amerine-0236--thumb.jpg,6000,4000
237,http://imgarc.lib.ucdavis.edu/images/winelabels/Amerine-0237.jpg,http://imgarc.lib.ucdavis.edu/images/winelabels/Amerine-0237--thumb.jpg,6000,4000
238,http://imgarc.lib.ucdavis.edu/images/winelabels/Amerine-0238.jpg,http://imgarc.lib.ucdavis.edu/images/winelabels/Amerine-0238--thumb.jpg,6000,4000
239,http://imgarc.lib.ucdavis.edu/images/winelabels/Amerine-0239.jpg,http://imgarc.lib.ucdavis.edu/images/winelabels/Amerine-0239--thumb.jpg,6000,4000
240,http://imgarc.lib.ucdavis.edu/images/winelabels/Amerine-0240.jpg,http://imgarc.lib.ucdavis.edu/images/winelabels/Amerine-0240--thumb.jpg,6000,4000
241,http://imgarc.lib.ucdavis.edu/images/winelabels/Amerine-0241.jpg,http://imgarc.lib.ucdavis.edu/images/winelabels/Amerine-0241--thumb.jpg,6000,4000
242,http://imgarc.lib.ucdavis.edu/images/winelabels/Amerine-0242.jpg,http://imgarc.lib.ucdavis.edu/images/winelabels/Amerine-0242--thumb.jpg,6000,4000
243,http://imgarc.lib.ucdavis.edu/images/winelabels/Amerine-0243.jpg,http://imgarc.lib.ucdavis.edu/images/winelabels/Amerine-0243--thumb.jpg,6000,4000
244,http://imgarc.lib.ucdavis.edu/images/winelabels/Amerine-0244.jpg,http://imgarc.lib.ucdavis.edu/images/winelabels/Amerine-0244--thumb.jpg,6000,4000
245,http://imgarc.lib.ucdavis.edu/images/winelabels/Amerine-0245.jpg,http://imgarc.lib.ucdavis.edu/images/winelabels/Amerine-0245--thumb.jpg,6000,4000
246,http://imgarc.lib.ucdavis.edu/images/winelabels/Amerine-0246.jpg,http://imgarc.lib.ucdavis.edu/images/winelabels/Amerine-0246--thumb.jpg,6000,4000
247,http://imgarc.lib.ucdavis.edu/images/winelabels/Amerine-0247.jpg,http://imgarc.lib.ucdavis.edu/images/winelabels/Amerine-0247--thumb.jpg,6000,4000
248,http://imgarc.lib.ucdavis.edu/images/winelabels/Amerine-0248.jpg,http://imgarc.lib.ucdavis.edu/images/winelabels/Amerine-0248--thumb.jpg,6000,4000
249,http://imgarc.lib.ucdavis.edu/images/winelabels/Amerine-0249.jpg,http://imgarc.lib.ucdavis.edu/images/winelabels/Amerine-0249--thumb.jpg,6000,4000
250,http://imgarc.lib.ucdavis.edu/images/winelabels/Amerine-0250.jpg,http://imgarc.lib.ucdavis.edu/images/winelabels/Amerine-0250--thumb.jpg,6000,4000
251,http://imgarc.lib.ucdavis.edu/images/winelabels/Amerine-0251.jpg,http://imgarc.lib.ucdavis.edu/images/winelabels/Amerine-0251--thumb.jpg,6000,4000
252,http://imgarc.lib.ucdavis.edu/images/winelabels/Amerine-0252.jpg,http://imgarc.lib.ucdavis.edu/images/winelabels/Amerine-0252--thumb.jpg,6000,4000
253,http://imgarc.lib.ucdavis.edu/images/winelabels/Amerine-0253.jpg,http://imgarc.lib.ucdavis.edu/images/winelabels/Amerine-0253--thumb.jpg,6000,4000
254,http://imgarc.lib.ucdavis.edu/images/winelabels/Amerine-0254.jpg,http://imgarc.lib.ucdavis.edu/images/winelabels/Amerine-0254--thumb.jpg,6000,4000
255,http://imgarc.lib.ucdavis.edu/images/winelabels/Amerine-0255.jpg,http://imgarc.lib.ucdavis.edu/images/winelabels/Amerine-0255--thumb.jpg,6000,4000
256,http://imgarc.lib.ucdavis.edu/images/winelabels/Amerine-0256.jpg,http://imgarc.lib.ucdavis.edu/images/winelabels/Amerine-0256--thumb.jpg,6000,4000
257,http://imgarc.lib.ucdavis.edu/images/winelabels/Amerine-0257.jpg,http://imgarc.lib.ucdavis.edu/images/winelabels/Amerine-0257--thumb.jpg,6000,4000
258,http://imgarc.lib.ucdavis.edu/images/winelabels/Amerine-0258.jpg,http://imgarc.lib.ucdavis.edu/images/winelabels/Amerine-0258--thumb.jpg,6000,4000
259,http://imgarc.lib.ucdavis.edu/images/winelabels/Amerine-0259.jpg,http://imgarc.lib.ucdavis.edu/images/winelabels/Amerine-0259--thumb.jpg,6000,4000
260,http://imgarc.lib.ucdavis.edu/images/winelabels/Amerine-0260.jpg,http://imgarc.lib.ucdavis.edu/images/winelabels/Amerine-0260--thumb.jpg,6000,4000
261,http://imgarc.lib.ucdavis.edu/images/winelabels/Amerine-0261.jpg,http://imgarc.lib.ucdavis.edu/images/winelabels/Amerine-0261--thumb.jpg,6000,4000
262,http://imgarc.lib.ucdavis.edu/images/winelabels/Amerine-0262.jpg,http://imgarc.lib.ucdavis.edu/images/winelabels/Amerine-0262--thumb.jpg,6000,4000
263,http://imgarc.lib.ucdavis.edu/images/winelabels/Amerine-0263.jpg,http://imgarc.lib.ucdavis.edu/images/winelabels/Amerine-0263--thumb.jpg,6000,4000
264,http://imgarc.lib.ucdavis.edu/images/winelabels/Amerine-0264.jpg,http://imgarc.lib.ucdavis.edu/images/winelabels/Amerine-0264--thumb.jpg,6000,4000
265,http://imgarc.lib.ucdavis.edu/images/winelabels/Amerine-0265.jpg,http://imgarc.lib.ucdavis.edu/images/winelabels/Amerine-0265--thumb.jpg,6000,4000
266,http://imgarc.lib.ucdavis.edu/images/winelabels/Amerine-0266.jpg,http://imgarc.lib.ucdavis.edu/images/winelabels/Amerine-0266--thumb.jpg,6000,4000
267,http://imgarc.lib.ucdavis.edu/images/winelabels/Amerine-0267.jpg,http://imgarc.lib.ucdavis.edu/images/winelabels/Amerine-0267--thumb.jpg,6000,4000
268,http://imgarc.lib.ucdavis.edu/images/winelabels/Amerine-0268.jpg,http://imgarc.lib.ucdavis.edu/images/winelabels/Amerine-0268--thumb.jpg,6000,4000
269,http://imgarc.lib.ucdavis.edu/images/winelabels/Amerine-0269.jpg,http://imgarc.lib.ucdavis.edu/images/winelabels/Amerine-0269--thumb.jpg,6000,4000
270,http://imgarc.lib.ucdavis.edu/images/winelabels/Amerine-0270.jpg,http://imgarc.lib.ucdavis.edu/images/winelabels/Amerine-0270--thumb.jpg,6000,4000
271,http://imgarc.lib.ucdavis.edu/images/winelabels/Amerine-0271.jpg,http://imgarc.lib.ucdavis.edu/images/winelabels/Amerine-0271--thumb.jpg,6000,4000
272,http://imgarc.lib.ucdavis.edu/images/winelabels/Amerine-0272.jpg,http://imgarc.lib.ucdavis.edu/images/winelabels/Amerine-0272--thumb.jpg,6000,4000
273,http://imgarc.lib.ucdavis.edu/images/winelabels/Amerine-0273.jpg,http://imgarc.lib.ucdavis.edu/images/winelabels/Amerine-0273--thumb.jpg,6000,4000
274,http://imgarc.lib.ucdavis.edu/images/winelabels/Amerine-0274.jpg,http://imgarc.lib.ucdavis.edu/images/winelabels/Amerine-0274--thumb.jpg,6000,4000
275,http://imgarc.lib.ucdavis.edu/images/winelabels/Amerine-0275.jpg,http://imgarc.lib.ucdavis.edu/images/winelabels/Amerine-0275--thumb.jpg,6000,4000
276,http://imgarc.lib.ucdavis.edu/images/winelabels/Amerine-0276.jpg,http://imgarc.lib.ucdavis.edu/images/winelabels/Amerine-0276--thumb.jpg,6000,4000
277,http://imgarc.lib.ucdavis.edu/images/winelabels/Amerine-0277.jpg,http://imgarc.lib.ucdavis.edu/images/winelabels/Amerine-0277--thumb.jpg,6000,4000
278,http://imgarc.lib.ucdavis.edu/images/winelabels/Amerine-0278.jpg,http://imgarc.lib.ucdavis.edu/images/winelabels/Amerine-0278--thumb.jpg,6000,4000
279,http://imgarc.lib.ucdavis.edu/images/winelabels/Amerine-0279.jpg,http://imgarc.lib.ucdavis.edu/images/winelabels/Amerine-0279--thumb.jpg,6000,4000
280,http://imgarc.lib.ucdavis.edu/images/winelabels/Amerine-0280.jpg,http://imgarc.lib.ucdavis.edu/images/winelabels/Amerine-0280--thumb.jpg,6000,4000
281,http://imgarc.lib.ucdavis.edu/images/winelabels/Amerine-0281.jpg,http://imgarc.lib.ucdavis.edu/images/winelabels/Amerine-0281--thumb.jpg,6000,4000
282,http://imgarc.lib.ucdavis.edu/images/winelabels/Amerine-0282.jpg,http://imgarc.lib.ucdavis.edu/images/winelabels/Amerine-0282--thumb.jpg,6000,4000
283,http://imgarc.lib.ucdavis.edu/images/winelabels/Amerine-0283.jpg,http://imgarc.lib.ucdavis.edu/images/winelabels/Amerine-0283--thumb.jpg,6000,4000
284,http://imgarc.lib.ucdavis.edu/images/winelabels/Amerine-0284.jpg,http://imgarc.lib.ucdavis.edu/images/winelabels/Amerine-0284--thumb.jpg,6000,4000
285,http://imgarc.lib.ucdavis.edu/images/winelabels/Amerine-0285.jpg,http://imgarc.lib.ucdavis.edu/images/winelabels/Amerine-0285--thumb.jpg,6000,4000
286,http://imgarc.lib.ucdavis.edu/images/winelabels/Amerine-0286.jpg,http://imgarc.lib.ucdavis.edu/images/winelabels/Amerine-0286--thumb.jpg,6000,4000
287,http://imgarc.lib.ucdavis.edu/images/winelabels/Amerine-0287.jpg,http://imgarc.lib.ucdavis.edu/images/winelabels/Amerine-0287--thumb.jpg,6000,4000
288,http://imgarc.lib.ucdavis.edu/images/winelabels/Amerine-0288.jpg,http://imgarc.lib.ucdavis.edu/images/winelabels/Amerine-0288--thumb.jpg,6000,4000
289,http://imgarc.lib.ucdavis.edu/images/winelabels/Amerine-0289.jpg,http://imgarc.lib.ucdavis.edu/images/winelabels/Amerine-0289--thumb.jpg,6000,4000
290,http://imgarc.lib.ucdavis.edu/images/winelabels/Amerine-0290.jpg,http://imgarc.lib.ucdavis.edu/images/winelabels/Amerine-0290--thumb.jpg,6000,4000
291,http://imgarc.lib.ucdavis.edu/images/winelabels/Amerine-0291.jpg,http://imgarc.lib.ucdavis.edu/images/winelabels/Amerine-0291--thumb.jpg,6000,4000
292,http://imgarc.lib.ucdavis.edu/images/winelabels/Amerine-0292.jpg,http://imgarc.lib.ucdavis.edu/images/winelabels/Amerine-0292--thumb.jpg,6000,4000
293,http://imgarc.lib.ucdavis.edu/images/winelabels/Amerine-0293.jpg,http://imgarc.lib.ucdavis.edu/images/winelabels/Amerine-0293--thumb.jpg,6000,4000
294,http://imgarc.lib.ucdavis.edu/images/winelabels/Amerine-0294.jpg,http://imgarc.lib.ucdavis.edu/images/winelabels/Amerine-0294--thumb.jpg,6000,4000
295,http://imgarc.lib.ucdavis.edu/images/winelabels/Amerine-0295.jpg,http://imgarc.lib.ucdavis.edu/images/winelabels/Amerine-0295--thumb.jpg,6000,4000
296,http://imgarc.lib.ucdavis.edu/images/winelabels/Amerine-0296.jpg,http://imgarc.lib.ucdavis.edu/images/winelabels/Amerine-0296--thumb.jpg,6000,4000
297,http://imgarc.lib.ucdavis.edu/images/winelabels/Amerine-0297.jpg,http://imgarc.lib.ucdavis.edu/images/winelabels/Amerine-0297--thumb.jpg,6000,4000
298,http://imgarc.lib.ucdavis.edu/images/winelabels/Amerine-0298.jpg,http://imgarc.lib.ucdavis.edu/images/winelabels/Amerine-0298--thumb.jpg,6000,4000
299,http://imgarc.lib.ucdavis.edu/images/winelabels/Amerine-0299.jpg,http://imgarc.lib.ucdavis.edu/images/winelabels/Amerine-0299--thumb.jpg,6000,4000
300,http://imgarc.lib.ucdavis.edu/images/winelabels/Amerine-0300.jpg,http://imgarc.lib.ucdavis.edu/images/winelabels/Amerine-0300--thumb.jpg,6000,4000
301,http://imgarc.lib.ucdavis.edu/images/winelabels/Amerine-0301.jpg,http://imgarc.lib.ucdavis.edu/images/winelabels/Amerine-0301--thumb.jpg,6000,4000
302,http://imgarc.lib.ucdavis.edu/images/winelabels/Amerine-0302.jpg,http://imgarc.lib.ucdavis.edu/images/winelabels/Amerine-0302--thumb.jpg,6000,4000
303,http://imgarc.lib.ucdavis.edu/images/winelabels/Amerine-0303.jpg,http://imgarc.lib.ucdavis.edu/images/winelabels/Amerine-0303--thumb.jpg,6000,4000
304,http://imgarc.lib.ucdavis.edu/images/winelabels/Amerine-0304.jpg,http://imgarc.lib.ucdavis.edu/images/winelabels/Amerine-0304--thumb.jpg,6000,4000
305,http://imgarc.lib.ucdavis.edu/images/winelabels/Amerine-0305.jpg,http://imgarc.lib.ucdavis.edu/images/winelabels/Amerine-0305--thumb.jpg,6000,4000
306,http://imgarc.lib.ucdavis.edu/images/winelabels/Amerine-0306.jpg,http://imgarc.lib.ucdavis.edu/images/winelabels/Amerine-0306--thumb.jpg,6000,4000
307,http://imgarc.lib.ucdavis.edu/images/winelabels/Amerine-0307.jpg,http://imgarc.lib.ucdavis.edu/images/winelabels/Amerine-0307--thumb.jpg,6000,4000
308,http://imgarc.lib.ucdavis.edu/images/winelabels/Amerine-0308.jpg,http://imgarc.lib.ucdavis.edu/images/winelabels/Amerine-0308--thumb.jpg,6000,4000
309,http://imgarc.lib.ucdavis.edu/images/winelabels/Amerine-0309.jpg,http://imgarc.lib.ucdavis.edu/images/winelabels/Amerine-0309--thumb.jpg,6000,4000
310,http://imgarc.lib.ucdavis.edu/images/winelabels/Amerine-0310.jpg,http://imgarc.lib.ucdavis.edu/images/winelabels/Amerine-0310--thumb.jpg,6000,4000
311,http://imgarc.lib.ucdavis.edu/images/winelabels/Amerine-0311.jpg,http://imgarc.lib.ucdavis.edu/images/winelabels/Amerine-0311--thumb.jpg,6000,4000
312,http://imgarc.lib.ucdavis.edu/images/winelabels/Amerine-0312.jpg,http://imgarc.lib.ucdavis.edu/images/winelabels/Amerine-0312--thumb.jpg,6000,4000
313,http://imgarc.lib.ucdavis.edu/images/winelabels/Amerine-0313.jpg,http://imgarc.lib.ucdavis.edu/images/winelabels/Amerine-0313--thumb.jpg,6000,4000
314,http://imgarc.lib.ucdavis.edu/images/winelabels/Amerine-0314.jpg,http://imgarc.lib.ucdavis.edu/images/winelabels/Amerine-0314--thumb.jpg,6000,4000
315,http://imgarc.lib.ucdavis.edu/images/winelabels/Amerine-0315.jpg,http://imgarc.lib.ucdavis.edu/images/winelabels/Amerine-0315--thumb.jpg,6000,4000
316,http://imgarc.lib.ucdavis.edu/images/winelabels/Amerine-0316.jpg,http://imgarc.lib.ucdavis.edu/images/winelabels/Amerine-0316--thumb.jpg,6000,4000
317,http://imgarc.lib.ucdavis.edu/images/winelabels/Amerine-0317.jpg,http://imgarc.lib.ucdavis.edu/images/winelabels/Amerine-0317--thumb.jpg,6000,4000
318,http://imgarc.lib.ucdavis.edu/images/winelabels/Amerine-0318.jpg,http://imgarc.lib.ucdavis.edu/images/winelabels/Amerine-0318--thumb.jpg,6000,4000
319,http://imgarc.lib.ucdavis.edu/images/winelabels/Amerine-0319.jpg,http://imgarc.lib.ucdavis.edu/images/winelabels/Amerine-0319--thumb.jpg,6000,4000
320,http://imgarc.lib.ucdavis.edu/images/winelabels/Amerine-0320.jpg,http://imgarc.lib.ucdavis.edu/images/winelabels/Amerine-0320--thumb.jpg,6000,4000
321,http://imgarc.lib.ucdavis.edu/images/winelabels/Amerine-0321.jpg,http://imgarc.lib.ucdavis.edu/images/winelabels/Amerine-0321--thumb.jpg,6000,4000
322,http://imgarc.lib.ucdavis.edu/images/winelabels/Amerine-0322.jpg,http://imgarc.lib.ucdavis.edu/images/winelabels/Amerine-0322--thumb.jpg,6000,4000
323,http://imgarc.lib.ucdavis.edu/images/winelabels/Amerine-0323.jpg,http://imgarc.lib.ucdavis.edu/images/winelabels/Amerine-0323--thumb.jpg,6000,4000
324,http://imgarc.lib.ucdavis.edu/images/winelabels/Amerine-0324.jpg,http://imgarc.lib.ucdavis.edu/images/winelabels/Amerine-0324--thumb.jpg,6000,4000
325,http://imgarc.lib.ucdavis.edu/images/winelabels/Amerine-0325.jpg,http://imgarc.lib.ucdavis.edu/images/winelabels/Amerine-0325--thumb.jpg,6000,4000
326,http://imgarc.lib.ucdavis.edu/images/winelabels/Amerine-0326.jpg,http://imgarc.lib.ucdavis.edu/images/winelabels/Amerine-0326--thumb.jpg,6000,4000
327,http://imgarc.lib.ucdavis.edu/images/winelabels/Amerine-0327.jpg,http://imgarc.lib.ucdavis.edu/images/winelabels/Amerine-0327--thumb.jpg,6000,4000
328,http://imgarc.lib.ucdavis.edu/images/winelabels/Amerine-0328.jpg,http://imgarc.lib.ucdavis.edu/images/winelabels/Amerine-0328--thumb.jpg,6000,4000
329,http://imgarc.lib.ucdavis.edu/images/winelabels/Amerine-0329.jpg,http://imgarc.lib.ucdavis.edu/images/winelabels/Amerine-0329--thumb.jpg,6000,4000
330,http://imgarc.lib.ucdavis.edu/images/winelabels/Amerine-0330.jpg,http://imgarc.lib.ucdavis.edu/images/winelabels/Amerine-0330--thumb.jpg,6000,4000
331,http://imgarc.lib.ucdavis.edu/images/winelabels/Amerine-0331.jpg,http://imgarc.lib.ucdavis.edu/images/winelabels/Amerine-0331--thumb.jpg,6000,4000
332,http://imgarc.lib.ucdavis.edu/images/winelabels/Amerine-0332.jpg,http://imgarc.lib.ucdavis.edu/images/winelabels/Amerine-0332--thumb.jpg,6000,4000
333,http://imgarc.lib.ucdavis.edu/images/winelabels/Amerine-0333.jpg,http://imgarc.lib.ucdavis.edu/images/winelabels/Amerine-0333--thumb.jpg,6000,4000
334,http://imgarc.lib.ucdavis.edu/images/winelabels/Amerine-0334.jpg,http://imgarc.lib.ucdavis.edu/images/winelabels/Amerine-0334--thumb.jpg,6000,4000
335,http://imgarc.lib.ucdavis.edu/images/winelabels/Amerine-0335.jpg,http://imgarc.lib.ucdavis.edu/images/winelabels/Amerine-0335--thumb.jpg,6000,4000
336,http://imgarc.lib.ucdavis.edu/images/winelabels/Amerine-0336.jpg,http://imgarc.lib.ucdavis.edu/images/winelabels/Amerine-0336--thumb.jpg,6000,4000
337,http://imgarc.lib.ucdavis.edu/images/winelabels/Amerine-0337.jpg,http://imgarc.lib.ucdavis.edu/images/winelabels/Amerine-0337--thumb.jpg,6000,4000
338,http://imgarc.lib.ucdavis.edu/images/winelabels/Amerine-0338.jpg,http://imgarc.lib.ucdavis.edu/images/winelabels/Amerine-0338--thumb.jpg,6000,4000
339,http://imgarc.lib.ucdavis.edu/images/winelabels/Amerine-0339.jpg,http://imgarc.lib.ucdavis.edu/images/winelabels/Amerine-0339--thumb.jpg,6000,4000
340,http://imgarc.lib.ucdavis.edu/images/winelabels/Amerine-0340.jpg,http://imgarc.lib.ucdavis.edu/images/winelabels/Amerine-0340--thumb.jpg,6000,4000
341,http://imgarc.lib.ucdavis.edu/images/winelabels/Amerine-0341.jpg,http://imgarc.lib.ucdavis.edu/images/winelabels/Amerine-0341--thumb.jpg,6000,4000
342,http://imgarc.lib.ucdavis.edu/images/winelabels/Amerine-0342.jpg,http://imgarc.lib.ucdavis.edu/images/winelabels/Amerine-0342--thumb.jpg,6000,4000
343,http://imgarc.lib.ucdavis.edu/images/winelabels/Amerine-0343.jpg,http://imgarc.lib.ucdavis.edu/images/winelabels/Amerine-0343--thumb.jpg,6000,4000
344,http://imgarc.lib.ucdavis.edu/images/winelabels/Amerine-0344.jpg,http://imgarc.lib.ucdavis.edu/images/winelabels/Amerine-0344--thumb.jpg,6000,4000
345,http://imgarc.lib.ucdavis.edu/images/winelabels/Amerine-0345.jpg,http://imgarc.lib.ucdavis.edu/images/winelabels/Amerine-0345--thumb.jpg,6000,4000
346,http://imgarc.lib.ucdavis.edu/images/winelabels/Amerine-0346.jpg,http://imgarc.lib.ucdavis.edu/images/winelabels/Amerine-0346--thumb.jpg,6000,4000
347,http://imgarc.lib.ucdavis.edu/images/winelabels/Amerine-0347.jpg,http://imgarc.lib.ucdavis.edu/images/winelabels/Amerine-0347--thumb.jpg,6000,4000
348,http://imgarc.lib.ucdavis.edu/images/winelabels/Amerine-0348.jpg,http://imgarc.lib.ucdavis.edu/images/winelabels/Amerine-0348--thumb.jpg,6000,4000
349,http://imgarc.lib.ucdavis.edu/images/winelabels/Amerine-0349.jpg,http://imgarc.lib.ucdavis.edu/images/winelabels/Amerine-0349--thumb.jpg,6000,4000
350,http://imgarc.lib.ucdavis.edu/images/winelabels/Amerine-0350.jpg,http://imgarc.lib.ucdavis.edu/images/winelabels/Amerine-0350--thumb.jpg,6000,4000
351,http://imgarc.lib.ucdavis.edu/images/winelabels/Amerine-0351.jpg,http://imgarc.lib.ucdavis.edu/images/winelabels/Amerine-0351--thumb.jpg,6000,4000
352,http://imgarc.lib.ucdavis.edu/images/winelabels/Amerine-0352.jpg,http://imgarc.lib.ucdavis.edu/images/winelabels/Amerine-0352--thumb.jpg,6000,4000
353,http://imgarc.lib.ucdavis.edu/images/winelabels/Amerine-0353.jpg,http://imgarc.lib.ucdavis.edu/images/winelabels/Amerine-0353--thumb.jpg,6000,4000
354,http://imgarc.lib.ucdavis.edu/images/winelabels/Amerine-0354.jpg,http://imgarc.lib.ucdavis.edu/images/winelabels/Amerine-0354--thumb.jpg,6000,4000
355,http://imgarc.lib.ucdavis.edu/images/winelabels/Amerine-0355.jpg,http://imgarc.lib.ucdavis.edu/images/winelabels/Amerine-0355--thumb.jpg,6000,4000
356,http://imgarc.lib.ucdavis.edu/images/winelabels/Amerine-0356.jpg,http://imgarc.lib.ucdavis.edu/images/winelabels/Amerine-0356--thumb.jpg,6000,4000
357,http://imgarc.lib.ucdavis.edu/images/winelabels/Amerine-0357.jpg,http://imgarc.lib.ucdavis.edu/images/winelabels/Amerine-0357--thumb.jpg,6000,4000
358,http://imgarc.lib.ucdavis.edu/images/winelabels/Amerine-0358.jpg,http://imgarc.lib.ucdavis.edu/images/winelabels/Amerine-0358--thumb.jpg,6000,4000
359,http://imgarc.lib.ucdavis.edu/images/winelabels/Amerine-0359.jpg,http://imgarc.lib.ucdavis.edu/images/winelabels/Amerine-0359--thumb.jpg,6000,4000
360,http://imgarc.lib.ucdavis.edu/images/winelabels/Amerine-0360.jpg,http://imgarc.lib.ucdavis.edu/images/winelabels/Amerine-0360--thumb.jpg,6000,4000
361,http://imgarc.lib.ucdavis.edu/images/winelabels/Amerine-0361.jpg,http://imgarc.lib.ucdavis.edu/images/winelabels/Amerine-0361--thumb.jpg,6000,4000
362,http://imgarc.lib.ucdavis.edu/images/winelabels/Amerine-0362.jpg,http://imgarc.lib.ucdavis.edu/images/winelabels/Amerine-0362--thumb.jpg,6000,4000
363,http://imgarc.lib.ucdavis.edu/images/winelabels/Amerine-0363.jpg,http://imgarc.lib.ucdavis.edu/images/winelabels/Amerine-0363--thumb.jpg,6000,4000
364,http://imgarc.lib.ucdavis.edu/images/winelabels/Amerine-0364.jpg,http://imgarc.lib.ucdavis.edu/images/winelabels/Amerine-0364--thumb.jpg,6000,4000
365,http://imgarc.lib.ucdavis.edu/images/winelabels/Amerine-0365.jpg,http://imgarc.lib.ucdavis.edu/images/winelabels/Amerine-0365--thumb.jpg,6000,4000
366,http://imgarc.lib.ucdavis.edu/images/winelabels/Amerine-0366.jpg,http://imgarc.lib.ucdavis.edu/images/winelabels/Amerine-0366--thumb.jpg,6000,4000
367,http://imgarc.lib.ucdavis.edu/images/winelabels/Amerine-0367.jpg,http://imgarc.lib.ucdavis.edu/images/winelabels/Amerine-0367--thumb.jpg,6000,4000
368,http://imgarc.lib.ucdavis.edu/images/winelabels/Amerine-0368.jpg,http://imgarc.lib.ucdavis.edu/images/winelabels/Amerine-0368--thumb.jpg,6000,4000
369,http://imgarc.lib.ucdavis.edu/images/winelabels/Amerine-0369.jpg,http://imgarc.lib.ucdavis.edu/images/winelabels/Amerine-0369--thumb.jpg,6000,4000
370,http://imgarc.lib.ucdavis.edu/images/winelabels/Amerine-0370.jpg,http://imgarc.lib.ucdavis.edu/images/winelabels/Amerine-0370--thumb.jpg,6000,4000
371,http://imgarc.lib.ucdavis.edu/images/winelabels/Amerine-0371.jpg,http://imgarc.lib.ucdavis.edu/images/winelabels/Amerine-0371--thumb.jpg,6000,4000
372,http://imgarc.lib.ucdavis.edu/images/winelabels/Amerine-0372.jpg,http://imgarc.lib.ucdavis.edu/images/winelabels/Amerine-0372--thumb.jpg,6000,4000
373,http://imgarc.lib.ucdavis.edu/images/winelabels/Amerine-0373.jpg,http://imgarc.lib.ucdavis.edu/images/winelabels/Amerine-0373--thumb.jpg,6000,4000
374,http://imgarc.lib.ucdavis.edu/images/winelabels/Amerine-0374.jpg,http://imgarc.lib.ucdavis.edu/images/winelabels/Amerine-0374--thumb.jpg,6000,4000
375,http://imgarc.lib.ucdavis.edu/images/winelabels/Amerine-0375.jpg,http://imgarc.lib.ucdavis.edu/images/winelabels/Amerine-0375--thumb.jpg,6000,4000
376,http://imgarc.lib.ucdavis.edu/images/winelabels/Amerine-0376.jpg,http://imgarc.lib.ucdavis.edu/images/winelabels/Amerine-0376--thumb.jpg,6000,4000
377,http://imgarc.lib.ucdavis.edu/images/winelabels/Amerine-0377.jpg,http://imgarc.lib.ucdavis.edu/images/winelabels/Amerine-0377--thumb.jpg,6000,4000
378,http://imgarc.lib.ucdavis.edu/images/winelabels/Amerine-0378.jpg,http://imgarc.lib.ucdavis.edu/images/winelabels/Amerine-0378--thumb.jpg,6000,4000
379,http://imgarc.lib.ucdavis.edu/images/winelabels/Amerine-0379.jpg,http://imgarc.lib.ucdavis.edu/images/winelabels/Amerine-0379--thumb.jpg,6000,4000
380,http://imgarc.lib.ucdavis.edu/images/winelabels/Amerine-0380.jpg,http://imgarc.lib.ucdavis.edu/images/winelabels/Amerine-0380--thumb.jpg,6000,4000
381,http://imgarc.lib.ucdavis.edu/images/winelabels/Amerine-0381.jpg,http://imgarc.lib.ucdavis.edu/images/winelabels/Amerine-0381--thumb.jpg,6000,4000
382,http://imgarc.lib.ucdavis.edu/images/winelabels/Amerine-0382.jpg,http://imgarc.lib.ucdavis.edu/images/winelabels/Amerine-0382--thumb.jpg,6000,4000
383,http://imgarc.lib.ucdavis.edu/images/winelabels/Amerine-0383.jpg,http://imgarc.lib.ucdavis.edu/images/winelabels/Amerine-0383--thumb.jpg,6000,4000
384,http://imgarc.lib.ucdavis.edu/images/winelabels/Amerine-0384.jpg,http://imgarc.lib.ucdavis.edu/images/winelabels/Amerine-0384--thumb.jpg,6000,4000
385,http://imgarc.lib.ucdavis.edu/images/winelabels/Amerine-0385.jpg,http://imgarc.lib.ucdavis.edu/images/winelabels/Amerine-0385--thumb.jpg,6000,4000
386,http://imgarc.lib.ucdavis.edu/images/winelabels/Amerine-0386.jpg,http://imgarc.lib.ucdavis.edu/images/winelabels/Amerine-0386--thumb.jpg,6000,4000
387,http://imgarc.lib.ucdavis.edu/images/winelabels/Amerine-0387.jpg,http://imgarc.lib.ucdavis.edu/images/winelabels/Amerine-0387--thumb.jpg,6000,4000
388,http://imgarc.lib.ucdavis.edu/images/winelabels/Amerine-0388.jpg,http://imgarc.lib.ucdavis.edu/images/winelabels/Amerine-0388--thumb.jpg,6000,4000
389,http://imgarc.lib.ucdavis.edu/images/winelabels/Amerine-0389.jpg,http://imgarc.lib.ucdavis.edu/images/winelabels/Amerine-0389--thumb.jpg,6000,4000
390,http://imgarc.lib.ucdavis.edu/images/winelabels/Amerine-0390.jpg,http://imgarc.lib.ucdavis.edu/images/winelabels/Amerine-0390--thumb.jpg,6000,4000
391,http://imgarc.lib.ucdavis.edu/images/winelabels/Amerine-0391.jpg,http://imgarc.lib.ucdavis.edu/images/winelabels/Amerine-0391--thumb.jpg,6000,4000
392,http://imgarc.lib.ucdavis.edu/images/winelabels/Amerine-0392.jpg,http://imgarc.lib.ucdavis.edu/images/winelabels/Amerine-0392--thumb.jpg,6000,4000
393,http://imgarc.lib.ucdavis.edu/images/winelabels/Amerine-0393.jpg,http://imgarc.lib.ucdavis.edu/images/winelabels/Amerine-0393--thumb.jpg,6000,4000
394,http://imgarc.lib.ucdavis.edu/images/winelabels/Amerine-0394.jpg,http://imgarc.lib.ucdavis.edu/images/winelabels/Amerine-0394--thumb.jpg,6000,4000
395,http://imgarc.lib.ucdavis.edu/images/winelabels/Amerine-0395.jpg,http://imgarc.lib.ucdavis.edu/images/winelabels/Amerine-0395--thumb.jpg,6000,4000
396,http://imgarc.lib.ucdavis.edu/images/winelabels/Amerine-0396.jpg,http://imgarc.lib.ucdavis.edu/images/winelabels/Amerine-0396--thumb.jpg,6000,4000
397,http://imgarc.lib.ucdavis.edu/images/winelabels/Amerine-0397.jpg,http://imgarc.lib.ucdavis.edu/images/winelabels/Amerine-0397--thumb.jpg,6000,4000
398,http://imgarc.lib.ucdavis.edu/images/winelabels/Amerine-0398.jpg,http://imgarc.lib.ucdavis.edu/images/winelabels/Amerine-0398--thumb.jpg,6000,4000
399,http://imgarc.lib.ucdavis.edu/images/winelabels/Amerine-0399.jpg,http://imgarc.lib.ucdavis.edu/images/winelabels/Amerine-0399--thumb.jpg,6000,4000
400,http://imgarc.lib.ucdavis.edu/images/winelabels/Amerine-0400.jpg,http://imgarc.lib.ucdavis.edu/images/winelabels/Amerine-0400--thumb.jpg,6000,4000
401,http://imgarc.lib.ucdavis.edu/images/winelabels/Amerine-0401.jpg,http://imgarc.lib.ucdavis.edu/images/winelabels/Amerine-0401--thumb.jpg,6000,4000
402,http://imgarc.lib.ucdavis.edu/images/winelabels/Amerine-0402.jpg,http://imgarc.lib.ucdavis.edu/images/winelabels/Amerine-0402--thumb.jpg,6000,4000
403,http://imgarc.lib.ucdavis.edu/images/winelabels/Amerine-0403.jpg,http://imgarc.lib.ucdavis.edu/images/winelabels/Amerine-0403--thumb.jpg,6000,4000
404,http://imgarc.lib.ucdavis.edu/images/winelabels/Amerine-0404.jpg,http://imgarc.lib.ucdavis.edu/images/winelabels/Amerine-0404--thumb.jpg,6000,4000
405,http://imgarc.lib.ucdavis.edu/images/winelabels/Amerine-0405.jpg,http://imgarc.lib.ucdavis.edu/images/winelabels/Amerine-0405--thumb.jpg,6000,4000
406,http://imgarc.lib.ucdavis.edu/images/winelabels/Amerine-0406.jpg,http://imgarc.lib.ucdavis.edu/images/winelabels/Amerine-0406--thumb.jpg,6000,4000
407,http://imgarc.lib.ucdavis.edu/images/winelabels/Amerine-0407.jpg,http://imgarc.lib.ucdavis.edu/images/winelabels/Amerine-0407--thumb.jpg,6000,4000
408,http://imgarc.lib.ucdavis.edu/images/winelabels/Amerine-0408.jpg,http://imgarc.lib.ucdavis.edu/images/winelabels/Amerine-0408--thumb.jpg,6000,4000
409,http://imgarc.lib.ucdavis.edu/images/winelabels/Amerine-0409.jpg,http://imgarc.lib.ucdavis.edu/images/winelabels/Amerine-0409--thumb.jpg,6000,4000
410,http://imgarc.lib.ucdavis.edu/images/winelabels/Amerine-0410.jpg,http://imgarc.lib.ucdavis.edu/images/winelabels/Amerine-0410--thumb.jpg,6000,4000
411,http://imgarc.lib.ucdavis.edu/images/winelabels/Amerine-0411.jpg,http://imgarc.lib.ucdavis.edu/images/winelabels/Amerine-0411--thumb.jpg,6000,4000
412,http://imgarc.lib.ucdavis.edu/images/winelabels/Amerine-0412.jpg,http://imgarc.lib.ucdavis.edu/images/winelabels/Amerine-0412--thumb.jpg,6000,4000
413,http://imgarc.lib.ucdavis.edu/images/winelabels/Amerine-0413.jpg,http://imgarc.lib.ucdavis.edu/images/winelabels/Amerine-0413--thumb.jpg,6000,4000
414,http://imgarc.lib.ucdavis.edu/images/winelabels/Amerine-0414.jpg,http://imgarc.lib.ucdavis.edu/images/winelabels/Amerine-0414--thumb.jpg,6000,4000
415,http://imgarc.lib.ucdavis.edu/images/winelabels/Amerine-0415.jpg,http://imgarc.lib.ucdavis.edu/images/winelabels/Amerine-0415--thumb.jpg,6000,4000
416,http://imgarc.lib.ucdavis.edu/images/winelabels/Amerine-0416.jpg,http://imgarc.lib.ucdavis.edu/images/winelabels/Amerine-0416--thumb.jpg,6000,4000
417,http://imgarc.lib.ucdavis.edu/images/winelabels/Amerine-0417.jpg,http://imgarc.lib.ucdavis.edu/images/winelabels/Amerine-0417--thumb.jpg,6000,4000
418,http://imgarc.lib.ucdavis.edu/images/winelabels/Amerine-0418.jpg,http://imgarc.lib.ucdavis.edu/images/winelabels/Amerine-0418--thumb.jpg,6000,4000
419,http://imgarc.lib.ucdavis.edu/images/winelabels/Amerine-0419.jpg,http://imgarc.lib.ucdavis.edu/images/winelabels/Amerine-0419--thumb.jpg,6000,4000
420,http://imgarc.lib.ucdavis.edu/images/winelabels/Amerine-0420.jpg,http://imgarc.lib.ucdavis.edu/images/winelabels/Amerine-0420--thumb.jpg,6000,4000
421,http://imgarc.lib.ucdavis.edu/images/winelabels/Amerine-0421.jpg,http://imgarc.lib.ucdavis.edu/images/winelabels/Amerine-0421--thumb.jpg,6000,4000
422,http://imgarc.lib.ucdavis.edu/images/winelabels/Amerine-0422.jpg,http://imgarc.lib.ucdavis.edu/images/winelabels/Amerine-0422--thumb.jpg,6000,4000
423,http://imgarc.lib.ucdavis.edu/images/winelabels/Amerine-0423.jpg,http://imgarc.lib.ucdavis.edu/images/winelabels/Amerine-0423--thumb.jpg,6000,4000
424,http://imgarc.lib.ucdavis.edu/images/winelabels/Amerine-0424.jpg,http://imgarc.lib.ucdavis.edu/images/winelabels/Amerine-0424--thumb.jpg,6000,4000
425,http://imgarc.lib.ucdavis.edu/images/winelabels/Amerine-0425.jpg,http://imgarc.lib.ucdavis.edu/images/winelabels/Amerine-0425--thumb.jpg,6000,4000
426,http://imgarc.lib.ucdavis.edu/images/winelabels/Amerine-0426.jpg,http://imgarc.lib.ucdavis.edu/images/winelabels/Amerine-0426--thumb.jpg,6000,4000
427,http://imgarc.lib.ucdavis.edu/images/winelabels/Amerine-0427.jpg,http://imgarc.lib.ucdavis.edu/images/winelabels/Amerine-0427--thumb.jpg,6000,4000
428,http://imgarc.lib.ucdavis.edu/images/winelabels/Amerine-0428.jpg,http://imgarc.lib.ucdavis.edu/images/winelabels/Amerine-0428--thumb.jpg,6000,4000
429,http://imgarc.lib.ucdavis.edu/images/winelabels/Amerine-0429.jpg,http://imgarc.lib.ucdavis.edu/images/winelabels/Amerine-0429--thumb.jpg,6000,4000
430,http://imgarc.lib.ucdavis.edu/images/winelabels/Amerine-0430.jpg,http://imgarc.lib.ucdavis.edu/images/winelabels/Amerine-0430--thumb.jpg,6000,4000
431,http://imgarc.lib.ucdavis.edu/images/winelabels/Amerine-0431.jpg,http://imgarc.lib.ucdavis.edu/images/winelabels/Amerine-0431--thumb.jpg,6000,4000
432,http://imgarc.lib.ucdavis.edu/images/winelabels/Amerine-0432.jpg,http://imgarc.lib.ucdavis.edu/images/winelabels/Amerine-0432--thumb.jpg,6000,4000
433,http://imgarc.lib.ucdavis.edu/images/winelabels/Amerine-0433.jpg,http://imgarc.lib.ucdavis.edu/images/winelabels/Amerine-0433--thumb.jpg,6000,4000
434,http://imgarc.lib.ucdavis.edu/images/winelabels/Amerine-0434.jpg,http://imgarc.lib.ucdavis.edu/images/winelabels/Amerine-0434--thumb.jpg,6000,4000
435,http://imgarc.lib.ucdavis.edu/images/winelabels/Amerine-0435.jpg,http://imgarc.lib.ucdavis.edu/images/winelabels/Amerine-0435--thumb.jpg,6000,4000
436,http://imgarc.lib.ucdavis.edu/images/winelabels/Amerine-0436.jpg,http://imgarc.lib.ucdavis.edu/images/winelabels/Amerine-0436--thumb.jpg,6000,4000
437,http://imgarc.lib.ucdavis.edu/images/winelabels/Amerine-0437.jpg,http://imgarc.lib.ucdavis.edu/images/winelabels/Amerine-0437--thumb.jpg,6000,4000
438,http://imgarc.lib.ucdavis.edu/images/winelabels/Amerine-0438.jpg,http://imgarc.lib.ucdavis.edu/images/winelabels/Amerine-0438--thumb.jpg,6000,4000
439,http://imgarc.lib.ucdavis.edu/images/winelabels/Amerine-0439.jpg,http://imgarc.lib.ucdavis.edu/images/winelabels/Amerine-0439--thumb.jpg,6000,4000
440,http://imgarc.lib.ucdavis.edu/images/winelabels/Amerine-0440.jpg,http://imgarc.lib.ucdavis.edu/images/winelabels/Amerine-0440--thumb.jpg,6000,4000
441,http://imgarc.lib.ucdavis.edu/images/winelabels/Amerine-0441.jpg,http://imgarc.lib.ucdavis.edu/images/winelabels/Amerine-0441--thumb.jpg,6000,4000
442,http://imgarc.lib.ucdavis.edu/images/winelabels/Amerine-0442.jpg,http://imgarc.lib.ucdavis.edu/images/winelabels/Amerine-0442--thumb.jpg,6000,4000
443,http://imgarc.lib.ucdavis.edu/images/winelabels/Amerine-0443.jpg,http://imgarc.lib.ucdavis.edu/images/winelabels/Amerine-0443--thumb.jpg,6000,4000
444,http://imgarc.lib.ucdavis.edu/images/winelabels/Amerine-0444.jpg,http://imgarc.lib.ucdavis.edu/images/winelabels/Amerine-0444--thumb.jpg,6000,4000
445,http://imgarc.lib.ucdavis.edu/images/winelabels/Amerine-0445.jpg,http://imgarc.lib.ucdavis.edu/images/winelabels/Amerine-0445--thumb.jpg,6000,4000
446,http://imgarc.lib.ucdavis.edu/images/winelabels/Amerine-0446.jpg,http://imgarc.lib.ucdavis.edu/images/winelabels/Amerine-0446--thumb.jpg,6000,4000
447,http://imgarc.lib.ucdavis.edu/images/winelabels/Amerine-0447.jpg,http://imgarc.lib.ucdavis.edu/images/winelabels/Amerine-0447--thumb.jpg,6000,4000
448,http://imgarc.lib.ucdavis.edu/images/winelabels/Amerine-0448.jpg,http://imgarc.lib.ucdavis.edu/images/winelabels/Amerine-0448--thumb.jpg,6000,4000
449,http://imgarc.lib.ucdavis.edu/images/winelabels/Amerine-0449.jpg,http://imgarc.lib.ucdavis.edu/images/winelabels/Amerine-0449--thumb.jpg,6000,4000
450,http://imgarc.lib.ucdavis.edu/images/winelabels/Amerine-0450.jpg,http://imgarc.lib.ucdavis.edu/images/winelabels/Amerine-0450--thumb.jpg,6000,4000
451,http://imgarc.lib.ucdavis.edu/images/winelabels/Amerine-0451.jpg,http://imgarc.lib.ucdavis.edu/images/winelabels/Amerine-0451--thumb.jpg,6000,4000
452,http://imgarc.lib.ucdavis.edu/images/winelabels/Amerine-0452.jpg,http://imgarc.lib.ucdavis.edu/images/winelabels/Amerine-0452--thumb.jpg,6000,4000
453,http://imgarc.lib.ucdavis.edu/images/winelabels/Amerine-0453.jpg,http://imgarc.lib.ucdavis.edu/images/winelabels/Amerine-0453--thumb.jpg,6000,4000
454,http://imgarc.lib.ucdavis.edu/images/winelabels/Amerine-0454.jpg,http://imgarc.lib.ucdavis.edu/images/winelabels/Amerine-0454--thumb.jpg,6000,4000
455,http://imgarc.lib.ucdavis.edu/images/winelabels/Amerine-0455.jpg,http://imgarc.lib.ucdavis.edu/images/winelabels/Amerine-0455--thumb.jpg,6000,4000
456,http://imgarc.lib.ucdavis.edu/images/winelabels/Amerine-0456.jpg,http://imgarc.lib.ucdavis.edu/images/winelabels/Amerine-0456--thumb.jpg,6000,4000
457,http://imgarc.lib.ucdavis.edu/images/winelabels/Amerine-0457.jpg,http://imgarc.lib.ucdavis.edu/images/winelabels/Amerine-0457--thumb.jpg,6000,4000
458,http://imgarc.lib.ucdavis.edu/images/winelabels/Amerine-0458.jpg,http://imgarc.lib.ucdavis.edu/images/winelabels/Amerine-0458--thumb.jpg,6000,4000
459,http://imgarc.lib.ucdavis.edu/images/winelabels/Amerine-0459.jpg,http://imgarc.lib.ucdavis.edu/images/winelabels/Amerine-0459--thumb.jpg,6000,4000
460,http://imgarc.lib.ucdavis.edu/images/winelabels/Amerine-0460.jpg,http://imgarc.lib.ucdavis.edu/images/winelabels/Amerine-0460--thumb.jpg,6000,4000
461,http://imgarc.lib.ucdavis.edu/images/winelabels/Amerine-0461.jpg,http://imgarc.lib.ucdavis.edu/images/winelabels/Amerine-0461--thumb.jpg,6000,4000
462,http://imgarc.lib.ucdavis.edu/images/winelabels/Amerine-0462.jpg,http://imgarc.lib.ucdavis.edu/images/winelabels/Amerine-0462--thumb.jpg,6000,4000
463,http://imgarc.lib.ucdavis.edu/images/winelabels/Amerine-0463.jpg,http://imgarc.lib.ucdavis.edu/images/winelabels/Amerine-0463--thumb.jpg,6000,4000
464,http://imgarc.lib.ucdavis.edu/images/winelabels/Amerine-0464.jpg,http://imgarc.lib.ucdavis.edu/images/winelabels/Amerine-0464--thumb.jpg,6000,4000
465,http://imgarc.lib.ucdavis.edu/images/winelabels/Amerine-0465.jpg,http://imgarc.lib.ucdavis.edu/images/winelabels/Amerine-0465--thumb.jpg,6000,4000
466,http://imgarc.lib.ucdavis.edu/images/winelabels/Amerine-0466.jpg,http://imgarc.lib.ucdavis.edu/images/winelabels/Amerine-0466--thumb.jpg,6000,4000
467,http://imgarc.lib.ucdavis.edu/images/winelabels/Amerine-0467.jpg,http://imgarc.lib.ucdavis.edu/images/winelabels/Amerine-0467--thumb.jpg,6000,4000
468,http://imgarc.lib.ucdavis.edu/images/winelabels/Amerine-0468.jpg,http://imgarc.lib.ucdavis.edu/images/winelabels/Amerine-0468--thumb.jpg,6000,4000
469,http://imgarc.lib.ucdavis.edu/images/winelabels/Amerine-0469.jpg,http://imgarc.lib.ucdavis.edu/images/winelabels/Amerine-0469--thumb.jpg,6000,4000
470,http://imgarc.lib.ucdavis.edu/images/winelabels/Amerine-0470.jpg,http://imgarc.lib.ucdavis.edu/images/winelabels/Amerine-0470--thumb.jpg,6000,4000
471,http://imgarc.lib.ucdavis.edu/images/winelabels/Amerine-0471.jpg,http://imgarc.lib.ucdavis.edu/images/winelabels/Amerine-0471--thumb.jpg,6000,4000
472,http://imgarc.lib.ucdavis.edu/images/winelabels/Amerine-0472.jpg,http://imgarc.lib.ucdavis.edu/images/winelabels/Amerine-0472--thumb.jpg,6000,4000
473,http://imgarc.lib.ucdavis.edu/images/winelabels/Amerine-0473.jpg,http://imgarc.lib.ucdavis.edu/images/winelabels/Amerine-0473--thumb.jpg,6000,4000
474,http://imgarc.lib.ucdavis.edu/images/winelabels/Amerine-0474.jpg,http://imgarc.lib.ucdavis.edu/images/winelabels/Amerine-0474--thumb.jpg,6000,4000
475,http://imgarc.lib.ucdavis.edu/images/winelabels/Amerine-0475.jpg,http://imgarc.lib.ucdavis.edu/images/winelabels/Amerine-0475--thumb.jpg,6000,4000
476,http://imgarc.lib.ucdavis.edu/images/winelabels/Amerine-0476.jpg,http://imgarc.lib.ucdavis.edu/images/winelabels/Amerine-0476--thumb.jpg,6000,4000
477,http://imgarc.lib.ucdavis.edu/images/winelabels/Amerine-0477.jpg,http://imgarc.lib.ucdavis.edu/images/winelabels/Amerine-0477--thumb.jpg,6000,4000
478,http://imgarc.lib.ucdavis.edu/images/winelabels/Amerine-0478.jpg,http://imgarc.lib.ucdavis.edu/images/winelabels/Amerine-0478--thumb.jpg,6000,4000
479,http://imgarc.lib.ucdavis.edu/images/winelabels/Amerine-0479.jpg,http://imgarc.lib.ucdavis.edu/images/winelabels/Amerine-0479--thumb.jpg,6000,4000
480,http://imgarc.lib.ucdavis.edu/images/winelabels/Amerine-0480.jpg,http://imgarc.lib.ucdavis.edu/images/winelabels/Amerine-0480--thumb.jpg,6000,4000
481,http://imgarc.lib.ucdavis.edu/images/winelabels/Amerine-0481.jpg,http://imgarc.lib.ucdavis.edu/images/winelabels/Amerine-0481--thumb.jpg,6000,4000
482,http://imgarc.lib.ucdavis.edu/images/winelabels/Amerine-0482.jpg,http://imgarc.lib.ucdavis.edu/images/winelabels/Amerine-0482--thumb.jpg,6000,4000
483,http://imgarc.lib.ucdavis.edu/images/winelabels/Amerine-0483.jpg,http://imgarc.lib.ucdavis.edu/images/winelabels/Amerine-0483--thumb.jpg,6000,4000
484,http://imgarc.lib.ucdavis.edu/images/winelabels/Amerine-0484.jpg,http://imgarc.lib.ucdavis.edu/images/winelabels/Amerine-0484--thumb.jpg,6000,4000
485,http://imgarc.lib.ucdavis.edu/images/winelabels/Amerine-0485.jpg,http://imgarc.lib.ucdavis.edu/images/winelabels/Amerine-0485--thumb.jpg,6000,4000
486,http://imgarc.lib.ucdavis.edu/images/winelabels/Amerine-0486.jpg,http://imgarc.lib.ucdavis.edu/images/winelabels/Amerine-0486--thumb.jpg,6000,4000
487,http://imgarc.lib.ucdavis.edu/images/winelabels/Amerine-0487.jpg,http://imgarc.lib.ucdavis.edu/images/winelabels/Amerine-0487--thumb.jpg,6000,4000
488,http://imgarc.lib.ucdavis.edu/images/winelabels/Amerine-0488.jpg,http://imgarc.lib.ucdavis.edu/images/winelabels/Amerine-0488--thumb.jpg,6000,4000
489,http://imgarc.lib.ucdavis.edu/images/winelabels/Amerine-0489.jpg,http://imgarc.lib.ucdavis.edu/images/winelabels/Amerine-0489--thumb.jpg,6000,4000
490,http://imgarc.lib.ucdavis.edu/images/winelabels/Amerine-0490.jpg,http://imgarc.lib.ucdavis.edu/images/winelabels/Amerine-0490--thumb.jpg,6000,4000
491,http://imgarc.lib.ucdavis.edu/images/winelabels/Amerine-0491.jpg,http://imgarc.lib.ucdavis.edu/images/winelabels/Amerine-0491--thumb.jpg,6000,4000
492,http://imgarc.lib.ucdavis.edu/images/winelabels/Amerine-0492.jpg,http://imgarc.lib.ucdavis.edu/images/winelabels/Amerine-0492--thumb.jpg,6000,4000
493,http://imgarc.lib.ucdavis.edu/images/winelabels/Amerine-0493.jpg,http://imgarc.lib.ucdavis.edu/images/winelabels/Amerine-0493--thumb.jpg,6000,4000
494,http://imgarc.lib.ucdavis.edu/images/winelabels/Amerine-0494.jpg,http://imgarc.lib.ucdavis.edu/images/winelabels/Amerine-0494--thumb.jpg,6000,4000
495,http://imgarc.lib.ucdavis.edu/images/winelabels/Amerine-0495.jpg,http://imgarc.lib.ucdavis.edu/images/winelabels/Amerine-0495--thumb.jpg,6000,4000
496,http://imgarc.lib.ucdavis.edu/images/winelabels/Amerine-0496.jpg,http://imgarc.lib.ucdavis.edu/images/winelabels/Amerine-0496--thumb.jpg,6000,4000
497,http://imgarc.lib.ucdavis.edu/images/winelabels/Amerine-0497.jpg,http://imgarc.lib.ucdavis.edu/images/winelabels/Amerine-0497--thumb.jpg,6000,4000
498,http://imgarc.lib.ucdavis.edu/images/winelabels/Amerine-0498.jpg,http://imgarc.lib.ucdavis.edu/images/winelabels/Amerine-0498--thumb.jpg,6000,4000
499,http://imgarc.lib.ucdavis.edu/images/winelabels/Amerine-0499.jpg,http://imgarc.lib.ucdavis.edu/images/winelabels/Amerine-0499--thumb.jpg,6000,4000
500,http://imgarc.lib.ucdavis.edu/images/winelabels/Amerine-0500.jpg,http://imgarc.lib.ucdavis.edu/images/winelabels/Amerine-0500--thumb.jpg,6000,4000
501,http://imgarc.lib.ucdavis.edu/images/winelabels/Amerine-0501.jpg,http://imgarc.lib.ucdavis.edu/images/winelabels/Amerine-0501--thumb.jpg,6000,4000
502,http://imgarc.lib.ucdavis.edu/images/winelabels/Amerine-0502.jpg,http://imgarc.lib.ucdavis.edu/images/winelabels/Amerine-0502--thumb.jpg,6000,4000
503,http://imgarc.lib.ucdavis.edu/images/winelabels/Amerine-0503.jpg,http://imgarc.lib.ucdavis.edu/images/winelabels/Amerine-0503--thumb.jpg,6000,4000
504,http://imgarc.lib.ucdavis.edu/images/winelabels/Amerine-0504.jpg,http://imgarc.lib.ucdavis.edu/images/winelabels/Amerine-0504--thumb.jpg,6000,4000
505,http://imgarc.lib.ucdavis.edu/images/winelabels/Amerine-0505.jpg,http://imgarc.lib.ucdavis.edu/images/winelabels/Amerine-0505--thumb.jpg,6000,4000
506,http://imgarc.lib.ucdavis.edu/images/winelabels/Amerine-0506.jpg,http://imgarc.lib.ucdavis.edu/images/winelabels/Amerine-0506--thumb.jpg,6000,4000
507,http://imgarc.lib.ucdavis.edu/images/winelabels/Amerine-0507.jpg,http://imgarc.lib.ucdavis.edu/images/winelabels/Amerine-0507--thumb.jpg,6000,4000
508,http://imgarc.lib.ucdavis.edu/images/winelabels/Amerine-0508.jpg,http://imgarc.lib.ucdavis.edu/images/winelabels/Amerine-0508--thumb.jpg,6000,4000
509,http://imgarc.lib.ucdavis.edu/images/winelabels/Amerine-0509.jpg,http://imgarc.lib.ucdavis.edu/images/winelabels/Amerine-0509--thumb.jpg,6000,4000
510,http://imgarc.lib.ucdavis.edu/images/winelabels/Amerine-0510.jpg,http://imgarc.lib.ucdavis.edu/images/winelabels/Amerine-0510--thumb.jpg,6000,4000
511,http://imgarc.lib.ucdavis.edu/images/winelabels/Amerine-0511.jpg,http://imgarc.lib.ucdavis.edu/images/winelabels/Amerine-0511--thumb.jpg,6000,4000
512,http://imgarc.lib.ucdavis.edu/images/winelabels/Amerine-0512.jpg,http://imgarc.lib.ucdavis.edu/images/winelabels/Amerine-0512--thumb.jpg,6000,4000
513,http://imgarc.lib.ucdavis.edu/images/winelabels/Amerine-0513.jpg,http://imgarc.lib.ucdavis.edu/images/winelabels/Amerine-0513--thumb.jpg,6000,4000
514,http://imgarc.lib.ucdavis.edu/images/winelabels/Amerine-0514.jpg,http://imgarc.lib.ucdavis.edu/images/winelabels/Amerine-0514--thumb.jpg,6000,4000
515,http://imgarc.lib.ucdavis.edu/images/winelabels/Amerine-0515.jpg,http://imgarc.lib.ucdavis.edu/images/winelabels/Amerine-0515--thumb.jpg,6000,4000
516,http://imgarc.lib.ucdavis.edu/images/winelabels/Amerine-0516.jpg,http://imgarc.lib.ucdavis.edu/images/winelabels/Amerine-0516--thumb.jpg,6000,4000
517,http://imgarc.lib.ucdavis.edu/images/winelabels/Amerine-0517.jpg,http://imgarc.lib.ucdavis.edu/images/winelabels/Amerine-0517--thumb.jpg,6000,4000
518,http://imgarc.lib.ucdavis.edu/images/winelabels/Amerine-0518.jpg,http://imgarc.lib.ucdavis.edu/images/winelabels/Amerine-0518--thumb.jpg,6000,4000
519,http://imgarc.lib.ucdavis.edu/images/winelabels/Amerine-0519.jpg,http://imgarc.lib.ucdavis.edu/images/winelabels/Amerine-0519--thumb.jpg,6000,4000
520,http://imgarc.lib.ucdavis.edu/images/winelabels/Amerine-0520.jpg,http://imgarc.lib.ucdavis.edu/images/winelabels/Amerine-0520--thumb.jpg,6000,4000
521,http://imgarc.lib.ucdavis.edu/images/winelabels/Amerine-0521.jpg,http://imgarc.lib.ucdavis.edu/images/winelabels/Amerine-0521--thumb.jpg,6000,4000
522,http://imgarc.lib.ucdavis.edu/images/winelabels/Amerine-0522.jpg,http://imgarc.lib.ucdavis.edu/images/winelabels/Amerine-0522--thumb.jpg,6000,4000
523,http://imgarc.lib.ucdavis.edu/images/winelabels/Amerine-0523.jpg,http://imgarc.lib.ucdavis.edu/images/winelabels/Amerine-0523--thumb.jpg,6000,4000
524,http://imgarc.lib.ucdavis.edu/images/winelabels/Amerine-0524.jpg,http://imgarc.lib.ucdavis.edu/images/winelabels/Amerine-0524--thumb.jpg,6000,4000
525,http://imgarc.lib.ucdavis.edu/images/winelabels/Amerine-0525.jpg,http://imgarc.lib.ucdavis.edu/images/winelabels/Amerine-0525--thumb.jpg,6000,4000
526,http://imgarc.lib.ucdavis.edu/images/winelabels/Amerine-0526.jpg,http://imgarc.lib.ucdavis.edu/images/winelabels/Amerine-0526--thumb.jpg,6000,4000
527,http://imgarc.lib.ucdavis.edu/images/winelabels/Amerine-0527.jpg,http://imgarc.lib.ucdavis.edu/images/winelabels/Amerine-0527--thumb.jpg,6000,4000
528,http://imgarc.lib.ucdavis.edu/images/winelabels/Amerine-0528.jpg,http://imgarc.lib.ucdavis.edu/images/winelabels/Amerine-0528--thumb.jpg,6000,4000
529,http://imgarc.lib.ucdavis.edu/images/winelabels/Amerine-0529.jpg,http://imgarc.lib.ucdavis.edu/images/winelabels/Amerine-0529--thumb.jpg,6000,4000
530,http://imgarc.lib.ucdavis.edu/images/winelabels/Amerine-0530.jpg,http://imgarc.lib.ucdavis.edu/images/winelabels/Amerine-0530--thumb.jpg,6000,4000
531,http://imgarc.lib.ucdavis.edu/images/winelabels/Amerine-0531.jpg,http://imgarc.lib.ucdavis.edu/images/winelabels/Amerine-0531--thumb.jpg,6000,4000
532,http://imgarc.lib.ucdavis.edu/images/winelabels/Amerine-0532.jpg,http://imgarc.lib.ucdavis.edu/images/winelabels/Amerine-0532--thumb.jpg,6000,4000
533,http://imgarc.lib.ucdavis.edu/images/winelabels/Amerine-0533.jpg,http://imgarc.lib.ucdavis.edu/images/winelabels/Amerine-0533--thumb.jpg,6000,4000
534,http://imgarc.lib.ucdavis.edu/images/winelabels/Amerine-0534.jpg,http://imgarc.lib.ucdavis.edu/images/winelabels/Amerine-0534--thumb.jpg,6000,4000
535,http://imgarc.lib.ucdavis.edu/images/winelabels/Amerine-0535.jpg,http://imgarc.lib.ucdavis.edu/images/winelabels/Amerine-0535--thumb.jpg,6000,4000
536,http://imgarc.lib.ucdavis.edu/images/winelabels/Amerine-0536.jpg,http://imgarc.lib.ucdavis.edu/images/winelabels/Amerine-0536--thumb.jpg,6000,4000
537,http://imgarc.lib.ucdavis.edu/images/winelabels/Amerine-0537.jpg,http://imgarc.lib.ucdavis.edu/images/winelabels/Amerine-0537--thumb.jpg,6000,4000
538,http://imgarc.lib.ucdavis.edu/images/winelabels/Amerine-0538.jpg,http://imgarc.lib.ucdavis.edu/images/winelabels/Amerine-0538--thumb.jpg,6000,4000
539,http://imgarc.lib.ucdavis.edu/images/winelabels/Amerine-0539.jpg,http://imgarc.lib.ucdavis.edu/images/winelabels/Amerine-0539--thumb.jpg,6000,4000
540,http://imgarc.lib.ucdavis.edu/images/winelabels/Amerine-0540.jpg,http://imgarc.lib.ucdavis.edu/images/winelabels/Amerine-0540--thumb.jpg,6000,4000
541,http://imgarc.lib.ucdavis.edu/images/winelabels/Amerine-0541.jpg,http://imgarc.lib.ucdavis.edu/images/winelabels/Amerine-0541--thumb.jpg,6000,4000
542,http://imgarc.lib.ucdavis.edu/images/winelabels/Amerine-0542.jpg,http://imgarc.lib.ucdavis.edu/images/winelabels/Amerine-0542--thumb.jpg,6000,4000
543,http://imgarc.lib.ucdavis.edu/images/winelabels/Amerine-0543.jpg,http://imgarc.lib.ucdavis.edu/images/winelabels/Amerine-0543--thumb.jpg,6000,4000
544,http://imgarc.lib.ucdavis.edu/images/winelabels/Amerine-0544.jpg,http://imgarc.lib.ucdavis.edu/images/winelabels/Amerine-0544--thumb.jpg,6000,4000
545,http://imgarc.lib.ucdavis.edu/images/winelabels/Amerine-0545.jpg,http://imgarc.lib.ucdavis.edu/images/winelabels/Amerine-0545--thumb.jpg,6000,4000
546,http://imgarc.lib.ucdavis.edu/images/winelabels/Amerine-0546.jpg,http://imgarc.lib.ucdavis.edu/images/winelabels/Amerine-0546--thumb.jpg,6000,4000
547,http://imgarc.lib.ucdavis.edu/images/winelabels/Amerine-0547.jpg,http://imgarc.lib.ucdavis.edu/images/winelabels/Amerine-0547--thumb.jpg,6000,4000
548,http://imgarc.lib.ucdavis.edu/images/winelabels/Amerine-0548.jpg,http://imgarc.lib.ucdavis.edu/images/winelabels/Amerine-0548--thumb.jpg,6000,4000
549,http://imgarc.lib.ucdavis.edu/images/winelabels/Amerine-0549.jpg,http://imgarc.lib.ucdavis.edu/images/winelabels/Amerine-0549--thumb.jpg,6000,4000
550,http://imgarc.lib.ucdavis.edu/images/winelabels/Amerine-0550.jpg,http://imgarc.lib.ucdavis.edu/images/winelabels/Amerine-0550--thumb.jpg,6000,4000
551,http://imgarc.lib.ucdavis.edu/images/winelabels/Amerine-0551.jpg,http://imgarc.lib.ucdavis.edu/images/winelabels/Amerine-0551--thumb.jpg,6000,4000
552,http://imgarc.lib.ucdavis.edu/images/winelabels/Amerine-0552.jpg,http://imgarc.lib.ucdavis.edu/images/winelabels/Amerine-0552--thumb.jpg,6000,4000
553,http://imgarc.lib.ucdavis.edu/images/winelabels/Amerine-0553.jpg,http://imgarc.lib.ucdavis.edu/images/winelabels/Amerine-0553--thumb.jpg,6000,4000
554,http://imgarc.lib.ucdavis.edu/images/winelabels/Amerine-0554.jpg,http://imgarc.lib.ucdavis.edu/images/winelabels/Amerine-0554--thumb.jpg,6000,4000
555,http://imgarc.lib.ucdavis.edu/images/winelabels/Amerine-0555.jpg,http://imgarc.lib.ucdavis.edu/images/winelabels/Amerine-0555--thumb.jpg,6000,4000
556,http://imgarc.lib.ucdavis.edu/images/winelabels/Amerine-0556.jpg,http://imgarc.lib.ucdavis.edu/images/winelabels/Amerine-0556--thumb.jpg,6000,4000
557,http://imgarc.lib.ucdavis.edu/images/winelabels/Amerine-0557.jpg,http://imgarc.lib.ucdavis.edu/images/winelabels/Amerine-0557--thumb.jpg,6000,4000
558,http://imgarc.lib.ucdavis.edu/images/winelabels/Amerine-0558.jpg,http://imgarc.lib.ucdavis.edu/images/winelabels/Amerine-0558--thumb.jpg,6000,4000
559,http://imgarc.lib.ucdavis.edu/images/winelabels/Amerine-0559.jpg,http://imgarc.lib.ucdavis.edu/images/winelabels/Amerine-0559--thumb.jpg,6000,4000
560,http://imgarc.lib.ucdavis.edu/images/winelabels/Amerine-0560.jpg,http://imgarc.lib.ucdavis.edu/images/winelabels/Amerine-0560--thumb.jpg,6000,4000
561,http://imgarc.lib.ucdavis.edu/images/winelabels/Amerine-0561.jpg,http://imgarc.lib.ucdavis.edu/images/winelabels/Amerine-0561--thumb.jpg,6000,4000
562,http://imgarc.lib.ucdavis.edu/images/winelabels/Amerine-0562.jpg,http://imgarc.lib.ucdavis.edu/images/winelabels/Amerine-0562--thumb.jpg,6000,4000
563,http://imgarc.lib.ucdavis.edu/images/winelabels/Amerine-0563.jpg,http://imgarc.lib.ucdavis.edu/images/winelabels/Amerine-0563--thumb.jpg,6000,4000
564,http://imgarc.lib.ucdavis.edu/images/winelabels/Amerine-0564.jpg,http://imgarc.lib.ucdavis.edu/images/winelabels/Amerine-0564--thumb.jpg,6000,4000
565,http://imgarc.lib.ucdavis.edu/images/winelabels/Amerine-0565.jpg,http://imgarc.lib.ucdavis.edu/images/winelabels/Amerine-0565--thumb.jpg,6000,4000
566,http://imgarc.lib.ucdavis.edu/images/winelabels/Amerine-0566.jpg,http://imgarc.lib.ucdavis.edu/images/winelabels/Amerine-0566--thumb.jpg,6000,4000
567,http://imgarc.lib.ucdavis.edu/images/winelabels/Amerine-0567.jpg,http://imgarc.lib.ucdavis.edu/images/winelabels/Amerine-0567--thumb.jpg,6000,4000
568,http://imgarc.lib.ucdavis.edu/images/winelabels/Amerine-0568.jpg,http://imgarc.lib.ucdavis.edu/images/winelabels/Amerine-0568--thumb.jpg,6000,4000
569,http://imgarc.lib.ucdavis.edu/images/winelabels/Amerine-0569.jpg,http://imgarc.lib.ucdavis.edu/images/winelabels/Amerine-0569--thumb.jpg,6000,4000
570,http://imgarc.lib.ucdavis.edu/images/winelabels/Amerine-0570.jpg,http://imgarc.lib.ucdavis.edu/images/winelabels/Amerine-0570--thumb.jpg,6000,4000
571,http://imgarc.lib.ucdavis.edu/images/winelabels/Amerine-0571.jpg,http://imgarc.lib.ucdavis.edu/images/winelabels/Amerine-0571--thumb.jpg,6000,4000
572,http://imgarc.lib.ucdavis.edu/images/winelabels/Amerine-0572.jpg,http://imgarc.lib.ucdavis.edu/images/winelabels/Amerine-0572--thumb.jpg,6000,4000
573,http://imgarc.lib.ucdavis.edu/images/winelabels/Amerine-0573.jpg,http://imgarc.lib.ucdavis.edu/images/winelabels/Amerine-0573--thumb.jpg,6000,4000
574,http://imgarc.lib.ucdavis.edu/images/winelabels/Amerine-0574.jpg,http://imgarc.lib.ucdavis.edu/images/winelabels/Amerine-0574--thumb.jpg,6000,4000
575,http://imgarc.lib.ucdavis.edu/images/winelabels/Amerine-0575.jpg,http://imgarc.lib.ucdavis.edu/images/winelabels/Amerine-0575--thumb.jpg,6000,4000
576,http://imgarc.lib.ucdavis.edu/images/winelabels/Amerine-0576.jpg,http://imgarc.lib.ucdavis.edu/images/winelabels/Amerine-0576--thumb.jpg,6000,4000
577,http://imgarc.lib.ucdavis.edu/images/winelabels/Amerine-0577.jpg,http://imgarc.lib.ucdavis.edu/images/winelabels/Amerine-0577--thumb.jpg,6000,4000
578,http://imgarc.lib.ucdavis.edu/images/winelabels/Amerine-0578.jpg,http://imgarc.lib.ucdavis.edu/images/winelabels/Amerine-0578--thumb.jpg,6000,4000
579,http://imgarc.lib.ucdavis.edu/images/winelabels/Amerine-0579.jpg,http://imgarc.lib.ucdavis.edu/images/winelabels/Amerine-0579--thumb.jpg,6000,4000
580,http://imgarc.lib.ucdavis.edu/images/winelabels/Amerine-0580.jpg,http://imgarc.lib.ucdavis.edu/images/winelabels/Amerine-0580--thumb.jpg,6000,4000
581,http://imgarc.lib.ucdavis.edu/images/winelabels/Amerine-0581.jpg,http://imgarc.lib.ucdavis.edu/images/winelabels/Amerine-0581--thumb.jpg,6000,4000
582,http://imgarc.lib.ucdavis.edu/images/winelabels/Amerine-0582.jpg,http://imgarc.lib.ucdavis.edu/images/winelabels/Amerine-0582--thumb.jpg,6000,4000
583,http://imgarc.lib.ucdavis.edu/images/winelabels/Amerine-0583.jpg,http://imgarc.lib.ucdavis.edu/images/winelabels/Amerine-0583--thumb.jpg,6000,4000
584,http://imgarc.lib.ucdavis.edu/images/winelabels/Amerine-0584.jpg,http://imgarc.lib.ucdavis.edu/images/winelabels/Amerine-0584--thumb.jpg,6000,4000
585,http://imgarc.lib.ucdavis.edu/images/winelabels/Amerine-0585.jpg,http://imgarc.lib.ucdavis.edu/images/winelabels/Amerine-0585--thumb.jpg,6000,4000
586,http://imgarc.lib.ucdavis.edu/images/winelabels/Amerine-0586.jpg,http://imgarc.lib.ucdavis.edu/images/winelabels/Amerine-0586--thumb.jpg,6000,4000
587,http://imgarc.lib.ucdavis.edu/images/winelabels/Amerine-0587.jpg,http://imgarc.lib.ucdavis.edu/images/winelabels/Amerine-0587--thumb.jpg,6000,4000
588,http://imgarc.lib.ucdavis.edu/images/winelabels/Amerine-0588.jpg,http://imgarc.lib.ucdavis.edu/images/winelabels/Amerine-0588--thumb.jpg,6000,4000
589,http://imgarc.lib.ucdavis.edu/images/winelabels/Amerine-0589.jpg,http://imgarc.lib.ucdavis.edu/images/winelabels/Amerine-0589--thumb.jpg,6000,4000
590,http://imgarc.lib.ucdavis.edu/images/winelabels/Amerine-0590.jpg,http://imgarc.lib.ucdavis.edu/images/winelabels/Amerine-0590--thumb.jpg,6000,4000
591,http://imgarc.lib.ucdavis.edu/images/winelabels/Amerine-0591.jpg,http://imgarc.lib.ucdavis.edu/images/winelabels/Amerine-0591--thumb.jpg,6000,4000
592,http://imgarc.lib.ucdavis.edu/images/winelabels/Amerine-0592.jpg,http://imgarc.lib.ucdavis.edu/images/winelabels/Amerine-0592--thumb.jpg,6000,4000
593,http://imgarc.lib.ucdavis.edu/images/winelabels/Amerine-0593.jpg,http://imgarc.lib.ucdavis.edu/images/winelabels/Amerine-0593--thumb.jpg,6000,4000
594,http://imgarc.lib.ucdavis.edu/images/winelabels/Amerine-0594.jpg,http://imgarc.lib.ucdavis.edu/images/winelabels/Amerine-0594--thumb.jpg,6000,4000
595,http://imgarc.lib.ucdavis.edu/images/winelabels/Amerine-0595.jpg,http://imgarc.lib.ucdavis.edu/images/winelabels/Amerine-0595--thumb.jpg,6000,4000
596,http://imgarc.lib.ucdavis.edu/images/winelabels/Amerine-0596.jpg,http://imgarc.lib.ucdavis.edu/images/winelabels/Amerine-0596--thumb.jpg,6000,4000
597,http://imgarc.lib.ucdavis.edu/images/winelabels/Amerine-0597.jpg,http://imgarc.lib.ucdavis.edu/images/winelabels/Amerine-0597--thumb.jpg,6000,4000
598,http://imgarc.lib.ucdavis.edu/images/winelabels/Amerine-0598.jpg,http://imgarc.lib.ucdavis.edu/images/winelabels/Amerine-0598--thumb.jpg,6000,4000
599,http://imgarc.lib.ucdavis.edu/images/winelabels/Amerine-0599.jpg,http://imgarc.lib.ucdavis.edu/images/winelabels/Amerine-0599--thumb.jpg,6000,4000
600,http://imgarc.lib.ucdavis.edu/images/winelabels/Amerine-0600.jpg,http://imgarc.lib.ucdavis.edu/images/winelabels/Amerine-0600--thumb.jpg,6000,4000
601,http://imgarc.lib.ucdavis.edu/images/winelabels/Amerine-0601.jpg,http://imgarc.lib.ucdavis.edu/images/winelabels/Amerine-0601--thumb.jpg,6000,4000
602,http://imgarc.lib.ucdavis.edu/images/winelabels/Amerine-0602.jpg,http://imgarc.lib.ucdavis.edu/images/winelabels/Amerine-0602--thumb.jpg,6000,4000
603,http://imgarc.lib.ucdavis.edu/images/winelabels/Amerine-0603.jpg,http://imgarc.lib.ucdavis.edu/images/winelabels/Amerine-0603--thumb.jpg,6000,4000
604,http://imgarc.lib.ucdavis.edu/images/winelabels/Amerine-0604.jpg,http://imgarc.lib.ucdavis.edu/images/winelabels/Amerine-0604--thumb.jpg,6000,4000
605,http://imgarc.lib.ucdavis.edu/images/winelabels/Amerine-0605.jpg,http://imgarc.lib.ucdavis.edu/images/winelabels/Amerine-0605--thumb.jpg,6000,4000
606,http://imgarc.lib.ucdavis.edu/images/winelabels/Amerine-0606.jpg,http://imgarc.lib.ucdavis.edu/images/winelabels/Amerine-0606--thumb.jpg,6000,4000
607,http://imgarc.lib.ucdavis.edu/images/winelabels/Amerine-0607.jpg,http://imgarc.lib.ucdavis.edu/images/winelabels/Amerine-0607--thumb.jpg,6000,4000
608,http://imgarc.lib.ucdavis.edu/images/winelabels/Amerine-0608.jpg,http://imgarc.lib.ucdavis.edu/images/winelabels/Amerine-0608--thumb.jpg,6000,4000
609,http://imgarc.lib.ucdavis.edu/images/winelabels/Amerine-0609.jpg,http://imgarc.lib.ucdavis.edu/images/winelabels/Amerine-0609--thumb.jpg,6000,4000
610,http://imgarc.lib.ucdavis.edu/images/winelabels/Amerine-0610.jpg,http://imgarc.lib.ucdavis.edu/images/winelabels/Amerine-0610--thumb.jpg,6000,4000
611,http://imgarc.lib.ucdavis.edu/images/winelabels/Amerine-0611.jpg,http://imgarc.lib.ucdavis.edu/images/winelabels/Amerine-0611--thumb.jpg,6000,4000
612,http://imgarc.lib.ucdavis.edu/images/winelabels/Amerine-0612.jpg,http://imgarc.lib.ucdavis.edu/images/winelabels/Amerine-0612--thumb.jpg,6000,4000
613,http://imgarc.lib.ucdavis.edu/images/winelabels/Amerine-0613.jpg,http://imgarc.lib.ucdavis.edu/images/winelabels/Amerine-0613--thumb.jpg,6000,4000
614,http://imgarc.lib.ucdavis.edu/images/winelabels/Amerine-0614.jpg,http://imgarc.lib.ucdavis.edu/images/winelabels/Amerine-0614--thumb.jpg,6000,4000
615,http://imgarc.lib.ucdavis.edu/images/winelabels/Amerine-0615.jpg,http://imgarc.lib.ucdavis.edu/images/winelabels/Amerine-0615--thumb.jpg,6000,4000
616,http://imgarc.lib.ucdavis.edu/images/winelabels/Amerine-0616.jpg,http://imgarc.lib.ucdavis.edu/images/winelabels/Amerine-0616--thumb.jpg,6000,4000
617,http://imgarc.lib.ucdavis.edu/images/winelabels/Amerine-0617.jpg,http://imgarc.lib.ucdavis.edu/images/winelabels/Amerine-0617--thumb.jpg,6000,4000
618,http://imgarc.lib.ucdavis.edu/images/winelabels/Amerine-0618.jpg,http://imgarc.lib.ucdavis.edu/images/winelabels/Amerine-0618--thumb.jpg,6000,4000
619,http://imgarc.lib.ucdavis.edu/images/winelabels/Amerine-0619.jpg,http://imgarc.lib.ucdavis.edu/images/winelabels/Amerine-0619--thumb.jpg,6000,4000
620,http://imgarc.lib.ucdavis.edu/images/winelabels/Amerine-0620.jpg,http://imgarc.lib.ucdavis.edu/images/winelabels/Amerine-0620--thumb.jpg,6000,4000
621,http://imgarc.lib.ucdavis.edu/images/winelabels/Amerine-0621.jpg,http://imgarc.lib.ucdavis.edu/images/winelabels/Amerine-0621--thumb.jpg,6000,4000
622,http://imgarc.lib.ucdavis.edu/images/winelabels/Amerine-0622.jpg,http://imgarc.lib.ucdavis.edu/images/winelabels/Amerine-0622--thumb.jpg,6000,4000
623,http://imgarc.lib.ucdavis.edu/images/winelabels/Amerine-0623.jpg,http://imgarc.lib.ucdavis.edu/images/winelabels/Amerine-0623--thumb.jpg,6000,4000
624,http://imgarc.lib.ucdavis.edu/images/winelabels/Amerine-0624.jpg,http://imgarc.lib.ucdavis.edu/images/winelabels/Amerine-0624--thumb.jpg,6000,4000
625,http://imgarc.lib.ucdavis.edu/images/winelabels/Amerine-0625.jpg,http://imgarc.lib.ucdavis.edu/images/winelabels/Amerine-0625--thumb.jpg,6000,4000
626,http://imgarc.lib.ucdavis.edu/images/winelabels/Amerine-0626.jpg,http://imgarc.lib.ucdavis.edu/images/winelabels/Amerine-0626--thumb.jpg,6000,4000
627,http://imgarc.lib.ucdavis.edu/images/winelabels/Amerine-0627.jpg,http://imgarc.lib.ucdavis.edu/images/winelabels/Amerine-0627--thumb.jpg,6000,4000
628,http://imgarc.lib.ucdavis.edu/images/winelabels/Amerine-0628.jpg,http://imgarc.lib.ucdavis.edu/images/winelabels/Amerine-0628--thumb.jpg,6000,4000
629,http://imgarc.lib.ucdavis.edu/images/winelabels/Amerine-0629.jpg,http://imgarc.lib.ucdavis.edu/images/winelabels/Amerine-0629--thumb.jpg,6000,4000
630,http://imgarc.lib.ucdavis.edu/images/winelabels/Amerine-0630.jpg,http://imgarc.lib.ucdavis.edu/images/winelabels/Amerine-0630--thumb.jpg,6000,4000
631,http://imgarc.lib.ucdavis.edu/images/winelabels/Amerine-0631.jpg,http://imgarc.lib.ucdavis.edu/images/winelabels/Amerine-0631--thumb.jpg,6000,4000
632,http://imgarc.lib.ucdavis.edu/images/winelabels/Amerine-0632.jpg,http://imgarc.lib.ucdavis.edu/images/winelabels/Amerine-0632--thumb.jpg,6000,4000
633,http://imgarc.lib.ucdavis.edu/images/winelabels/Amerine-0633.jpg,http://imgarc.lib.ucdavis.edu/images/winelabels/Amerine-0633--thumb.jpg,6000,4000
634,http://imgarc.lib.ucdavis.edu/images/winelabels/Amerine-0634.jpg,http://imgarc.lib.ucdavis.edu/images/winelabels/Amerine-0634--thumb.jpg,6000,4000
635,http://imgarc.lib.ucdavis.edu/images/winelabels/Amerine-0635.jpg,http://imgarc.lib.ucdavis.edu/images/winelabels/Amerine-0635--thumb.jpg,6000,4000
636,http://imgarc.lib.ucdavis.edu/images/winelabels/Amerine-0636.jpg,http://imgarc.lib.ucdavis.edu/images/winelabels/Amerine-0636--thumb.jpg,6000,4000
637,http://imgarc.lib.ucdavis.edu/images/winelabels/Amerine-0637.jpg,http://imgarc.lib.ucdavis.edu/images/winelabels/Amerine-0637--thumb.jpg,6000,4000
638,http://imgarc.lib.ucdavis.edu/images/winelabels/Amerine-0638.jpg,http://imgarc.lib.ucdavis.edu/images/winelabels/Amerine-0638--thumb.jpg,6000,4000
639,http://imgarc.lib.ucdavis.edu/images/winelabels/Amerine-0639.jpg,http://imgarc.lib.ucdavis.edu/images/winelabels/Amerine-0639--thumb.jpg,6000,4000
640,http://imgarc.lib.ucdavis.edu/images/winelabels/Amerine-0640.jpg,http://imgarc.lib.ucdavis.edu/images/winelabels/Amerine-0640--thumb.jpg,6000,4000
641,http://imgarc.lib.ucdavis.edu/images/winelabels/Amerine-0641.jpg,http://imgarc.lib.ucdavis.edu/images/winelabels/Amerine-0641--thumb.jpg,6000,4000
642,http://imgarc.lib.ucdavis.edu/images/winelabels/Amerine-0642.jpg,http://imgarc.lib.ucdavis.edu/images/winelabels/Amerine-0642--thumb.jpg,6000,4000
643,http://imgarc.lib.ucdavis.edu/images/winelabels/Amerine-0643.jpg,http://imgarc.lib.ucdavis.edu/images/winelabels/Amerine-0643--thumb.jpg,6000,4000
644,http://imgarc.lib.ucdavis.edu/images/winelabels/Amerine-0644.jpg,http://imgarc.lib.ucdavis.edu/images/winelabels/Amerine-0644--thumb.jpg,6000,4000
645,http://imgarc.lib.ucdavis.edu/images/winelabels/Amerine-0645.jpg,http://imgarc.lib.ucdavis.edu/images/winelabels/Amerine-0645--thumb.jpg,6000,4000
646,http://imgarc.lib.ucdavis.edu/images/winelabels/Amerine-0646.jpg,http://imgarc.lib.ucdavis.edu/images/winelabels/Amerine-0646--thumb.jpg,6000,4000
647,http://imgarc.lib.ucdavis.edu/images/winelabels/Amerine-0647.jpg,http://imgarc.lib.ucdavis.edu/images/winelabels/Amerine-0647--thumb.jpg,6000,4000
648,http://imgarc.lib.ucdavis.edu/images/winelabels/Amerine-0648.jpg,http://imgarc.lib.ucdavis.edu/images/winelabels/Amerine-0648--thumb.jpg,6000,4000
649,http://imgarc.lib.ucdavis.edu/images/winelabels/Amerine-0649.jpg,http://imgarc.lib.ucdavis.edu/images/winelabels/Amerine-0649--thumb.jpg,6000,4000
650,http://imgarc.lib.ucdavis.edu/images/winelabels/Amerine-0650.jpg,http://imgarc.lib.ucdavis.edu/images/winelabels/Amerine-0650--thumb.jpg,6000,4000
651,http://imgarc.lib.ucdavis.edu/images/winelabels/Amerine-0651.jpg,http://imgarc.lib.ucdavis.edu/images/winelabels/Amerine-0651--thumb.jpg,6000,4000
652,http://imgarc.lib.ucdavis.edu/images/winelabels/Amerine-0652.jpg,http://imgarc.lib.ucdavis.edu/images/winelabels/Amerine-0652--thumb.jpg,6000,4000
653,http://imgarc.lib.ucdavis.edu/images/winelabels/Amerine-0653.jpg,http://imgarc.lib.ucdavis.edu/images/winelabels/Amerine-0653--thumb.jpg,6000,4000
654,http://imgarc.lib.ucdavis.edu/images/winelabels/Amerine-0654.jpg,http://imgarc.lib.ucdavis.edu/images/winelabels/Amerine-0654--thumb.jpg,6000,4000
655,http://imgarc.lib.ucdavis.edu/images/winelabels/Amerine-0655.jpg,http://imgarc.lib.ucdavis.edu/images/winelabels/Amerine-0655--thumb.jpg,6000,4000
656,http://imgarc.lib.ucdavis.edu/images/winelabels/Amerine-0656.jpg,http://imgarc.lib.ucdavis.edu/images/winelabels/Amerine-0656--thumb.jpg,6000,4000
657,http://imgarc.lib.ucdavis.edu/images/winelabels/Amerine-0657.jpg,http://imgarc.lib.ucdavis.edu/images/winelabels/Amerine-0657--thumb.jpg,6000,4000
658,http://imgarc.lib.ucdavis.edu/images/winelabels/Amerine-0658.jpg,http://imgarc.lib.ucdavis.edu/images/winelabels/Amerine-0658--thumb.jpg,6000,4000
659,http://imgarc.lib.ucdavis.edu/images/winelabels/Amerine-0659.jpg,http://imgarc.lib.ucdavis.edu/images/winelabels/Amerine-0659--thumb.jpg,6000,4000
660,http://imgarc.lib.ucdavis.edu/images/winelabels/Amerine-0660.jpg,http://imgarc.lib.ucdavis.edu/images/winelabels/Amerine-0660--thumb.jpg,6000,4000
